#
# There is insufficient memory for the Java Runtime Environment to continue.
# Native memory allocation (malloc) failed to allocate 1046816 bytes. Error detail: Chunk::new
# Possible reasons:
#   The system is out of physical RAM or swap space
#   This process is running with CompressedOops enabled, and the Java Heap may be blocking the growth of the native heap
# Possible solutions:
#   Reduce memory load on the system
#   Increase physical memory or swap space
#   Check if swap backing store is full
#   Decrease Java heap size (-Xmx/-Xms)
#   Decrease number of Java threads
#   Decrease Java thread stack sizes (-Xss)
#   Set larger code cache with -XX:ReservedCodeCacheSize=
#   JVM is running with Zero Based Compressed Oops mode in which the Java heap is
#     placed in the first 32GB address space. The Java Heap base address is the
#     maximum limit for the native heap growth. Please use -XX:HeapBaseMinAddress
#     to set the Java Heap base and to place the Java Heap above 32GB virtual address.
# This output file may be truncated or incomplete.
#
#  Out of Memory Error (arena.cpp:191), pid=17704, tid=6704
#
# JRE version: OpenJDK Runtime Environment Microsoft-12574423 (17.0.17+10) (build 17.0.17+10-LTS)
# Java VM: OpenJDK 64-Bit Server VM Microsoft-12574423 (17.0.17+10-LTS, mixed mode, sharing, tiered, compressed oops, compressed class ptrs, g1 gc, windows-amd64)
# No core dump will be written. Minidumps are not enabled by default on client versions of Windows
#

---------------  S U M M A R Y ------------

Command Line: --add-opens=java.base/java.lang=ALL-UNNAMED --add-opens=java.base/java.lang.invoke=ALL-UNNAMED --add-opens=java.base/java.util=ALL-UNNAMED --add-opens=java.prefs/java.util.prefs=ALL-UNNAMED --add-exports=jdk.compiler/com.sun.tools.javac.api=ALL-UNNAMED --add-exports=jdk.compiler/com.sun.tools.javac.util=ALL-UNNAMED --add-opens=java.base/java.util=ALL-UNNAMED --add-opens=java.prefs/java.util.prefs=ALL-UNNAMED --add-opens=java.base/java.nio.charset=ALL-UNNAMED --add-opens=java.base/java.net=ALL-UNNAMED --add-opens=java.base/java.util.concurrent.atomic=ALL-UNNAMED --add-opens=java.xml/javax.xml.namespace=ALL-UNNAMED -Xmx4096m -Dfile.encoding=UTF-8 -Duser.country=US -Duser.language=en -Duser.variant -javaagent:C:\Users\ZhuanZ2\.gradle\wrapper\dists\gradle-8.13-bin\5xuhj0ry160q40clulazy9h7d\gradle-8.13\lib\agents\gradle-instrumentation-agent-8.13.jar org.gradle.launcher.daemon.bootstrap.GradleDaemon 8.13

Host: AMD Ryzen 5 3500U with Radeon Vega Mobile Gfx  , 8 cores, 6G,  Windows 11 , 64 bit Build 26100 (10.0.26100.7623)
Time: Sun Feb  1 21:17:17 2026 Morocco Daylight Time elapsed time: 237.399338 seconds (0d 0h 3m 57s)

---------------  T H R E A D  ---------------

Current thread (0x000001776c9de920):  JavaThread "C2 CompilerThread0" daemon [_thread_in_native, id=6704, stack(0x000000602fe00000,0x000000602ff00000)]


Current CompileTask:
C2:237400 22897   !   4       org.gradle.api.internal.artifacts.transform.TransformingAsyncArtifactListener$TransformedArtifact::finalizeValue (168 bytes)

Stack: [0x000000602fe00000,0x000000602ff00000]
Native frames: (J=compiled Java code, j=interpreted, Vv=VM code, C=native code)
V  [jvm.dll+0x68c459]  (no source info available)
V  [jvm.dll+0x845e09]  (no source info available)
V  [jvm.dll+0x847b78]  (no source info available)
V  [jvm.dll+0x848203]  (no source info available)
V  [jvm.dll+0x24cf6f]  (no source info available)
V  [jvm.dll+0xaecb6]  (no source info available)
V  [jvm.dll+0xaf35c]  (no source info available)
V  [jvm.dll+0x2b4b8f]  (no source info available)
V  [jvm.dll+0x594484]  (no source info available)
V  [jvm.dll+0x226d84]  (no source info available)
V  [jvm.dll+0x21fae8]  (no source info available)
V  [jvm.dll+0x21d260]  (no source info available)
V  [jvm.dll+0x1a8ce6]  (no source info available)
V  [jvm.dll+0x22db1b]  (no source info available)
V  [jvm.dll+0x22bca6]  (no source info available)
V  [jvm.dll+0x7fb65b]  (no source info available)
V  [jvm.dll+0x7f5a5c]  (no source info available)
V  [jvm.dll+0x68d9f7]  (no source info available)
C  [ucrtbase.dll+0x37b0]  (no source info available)
C  [KERNEL32.DLL+0x2e8d7]  (no source info available)
C  [ntdll.dll+0x8c53c]  (no source info available)


---------------  P R O C E S S  ---------------

Threads class SMR info:
_java_thread_list=0x000001777ccabfc0, length=157, elements={
0x00000177498fda70, 0x000001776c9ba7e0, 0x000001776c9bbe20, 0x000001776c9d9290,
0x000001776c9dbb70, 0x000001776c9dc440, 0x000001776c9dcd10, 0x000001776c9de920,
0x000001776c9e2c10, 0x000001776ca30080, 0x000001776c9a7770, 0x000001776cc43b90,
0x000001777195d460, 0x00000177721eb080, 0x000001777190b1e0, 0x00000177722c4010,
0x00000177722621f0, 0x000001777226a6c0, 0x000001777277a3e0, 0x0000017771956ec0,
0x00000177719569b0, 0x00000177719573d0, 0x00000177719578e0, 0x0000017771955570,
0x0000017771955060, 0x00000177719564a0, 0x0000017771955a80, 0x0000017771958300,
0x0000017771955f90, 0x0000017773365ce0, 0x00000177733652c0, 0x00000177733661f0,
0x0000017773367120, 0x0000017773367630, 0x0000017773366700, 0x0000017773364390,
0x0000017773364db0, 0x0000017773368050, 0x00000177733648a0, 0x0000017773368560,
0x00000177733657d0, 0x0000017773368a70, 0x000001777336a8d0, 0x00000177733699a0,
0x0000017773369490, 0x0000017773369eb0, 0x0000017773368f80, 0x000001777336a3c0,
0x000001777336ade0, 0x000001777336b2f0, 0x000001777336b800, 0x00000177731e7880,
0x00000177731e6440, 0x00000177731e82a0, 0x00000177731e5f30, 0x00000177731e7d90,
0x00000177731e4af0, 0x00000177731e5000, 0x00000177731e6950, 0x00000177731e8cc0,
0x00000177731e91d0, 0x00000177731e5a20, 0x00000177731e96e0, 0x00000177731e9bf0,
0x00000177731ea100, 0x00000177731ea610, 0x00000177731e6e60, 0x00000177731eab20,
0x00000177731e7370, 0x00000177731eb030, 0x00000177731eb540, 0x00000177731eba50,
0x00000177731ebf60, 0x00000177731ec470, 0x00000177747c9550, 0x00000177747c8110,
0x00000177747ca990, 0x00000177747caea0, 0x00000177747cb3b0, 0x00000177747c8620,
0x00000177747cb8c0, 0x00000177747cbdd0, 0x00000177747ca480, 0x00000177747cc2e0,
0x00000177747c9040, 0x00000177747c8b30, 0x00000177747cc7f0, 0x00000177747c9a60,
0x00000177747cd210, 0x00000177747c9f70, 0x00000177747cdc30, 0x00000177747ceb60,
0x00000177747ce140, 0x00000177747cf070, 0x00000177747ce650, 0x00000177747cf580,
0x0000017774ae20e0, 0x0000017774ae3f40, 0x0000017774ae4960, 0x0000017774ae4e70,
0x0000017774ae3010, 0x0000017774ae4450, 0x0000017774ae5380, 0x0000017774ae5890,
0x0000017774ae5da0, 0x0000017774ae25f0, 0x0000017774ae62b0, 0x0000017774ae2b00,
0x0000017774ae67c0, 0x0000017774ae6cd0, 0x0000017774ae9040, 0x0000017774ae9550,
0x0000017774ae8620, 0x0000017774ae8b30, 0x0000017774ae76f0, 0x0000017774ae9a60,
0x0000017774ae8110, 0x0000017774ae7c00, 0x0000017775689850, 0x0000017775688e30,
0x000001777568a780, 0x0000017775689340, 0x000001777568ac90, 0x000001777568b6b0,
0x000001777568c5e0, 0x000001777568b1a0, 0x000001777568d000, 0x0000017774cb2910,
0x0000017774cb3840, 0x0000017774cb3d50, 0x0000017774cb2e20, 0x0000017774cb5bb0,
0x0000017774cb3330, 0x0000017774cb4260, 0x0000017774cb56a0, 0x000001777de3fe60,
0x000001777de3f440, 0x000001777de417b0, 0x000001777de41cc0, 0x000001777568ee60,
0x000001777c49a910, 0x000001777c49ae20, 0x000001777c49b840, 0x000001777c49bd50,
0x000001777c49cc80, 0x000001777c4a0940, 0x000001777c4a1870, 0x000001777c49dbb0,
0x000001777c49eae0, 0x000001777c49b330, 0x000001777c4a1d80, 0x00000177747ccd00,
0x000001777de40880, 0x0000017773367b40, 0x0000017776566960, 0x0000017776568cd0,
0x0000017776567da0
}

Java Threads: ( => current thread )
  0x00000177498fda70 JavaThread "main" [_thread_blocked, id=7832, stack(0x000000602f100000,0x000000602f200000)]
  0x000001776c9ba7e0 JavaThread "Reference Handler" daemon [_thread_blocked, id=8856, stack(0x000000602f800000,0x000000602f900000)]
  0x000001776c9bbe20 JavaThread "Finalizer" daemon [_thread_blocked, id=11716, stack(0x000000602f900000,0x000000602fa00000)]
  0x000001776c9d9290 JavaThread "Signal Dispatcher" daemon [_thread_blocked, id=2296, stack(0x000000602fa00000,0x000000602fb00000)]
  0x000001776c9dbb70 JavaThread "Attach Listener" daemon [_thread_blocked, id=17540, stack(0x000000602fb00000,0x000000602fc00000)]
  0x000001776c9dc440 JavaThread "Service Thread" daemon [_thread_blocked, id=13772, stack(0x000000602fc00000,0x000000602fd00000)]
  0x000001776c9dcd10 JavaThread "Monitor Deflation Thread" daemon [_thread_blocked, id=8480, stack(0x000000602fd00000,0x000000602fe00000)]
=>0x000001776c9de920 JavaThread "C2 CompilerThread0" daemon [_thread_in_native, id=6704, stack(0x000000602fe00000,0x000000602ff00000)]
  0x000001776c9e2c10 JavaThread "C1 CompilerThread0" daemon [_thread_blocked, id=18036, stack(0x000000602ff00000,0x0000006030000000)]
  0x000001776ca30080 JavaThread "Sweeper thread" daemon [_thread_blocked, id=7560, stack(0x0000006030000000,0x0000006030100000)]
  0x000001776c9a7770 JavaThread "Common-Cleaner" daemon [_thread_blocked, id=14732, stack(0x0000006030100000,0x0000006030200000)]
  0x000001776cc43b90 JavaThread "Notification Thread" daemon [_thread_blocked, id=2672, stack(0x0000006030200000,0x0000006030300000)]
  0x000001777195d460 JavaThread "Daemon health stats" [_thread_blocked, id=16316, stack(0x0000006030800000,0x0000006030900000)]
  0x00000177721eb080 JavaThread "Incoming local TCP Connector on port 51215" [_thread_in_native, id=6488, stack(0x0000006030900000,0x0000006030a00000)]
  0x000001777190b1e0 JavaThread "Daemon periodic checks" [_thread_blocked, id=9332, stack(0x0000006030a00000,0x0000006030b00000)]
  0x00000177722c4010 JavaThread "Daemon" [_thread_blocked, id=12756, stack(0x0000006030b00000,0x0000006030c00000)]
  0x00000177722621f0 JavaThread "Handler for socket connection from /127.0.0.1:51215 to /127.0.0.1:54882" [_thread_in_native, id=13200, stack(0x0000006030c00000,0x0000006030d00000)]
  0x000001777226a6c0 JavaThread "Cancel handler" [_thread_blocked, id=6708, stack(0x0000006030d00000,0x0000006030e00000)]
  0x000001777277a3e0 JavaThread "Daemon worker" [_thread_blocked, id=13400, stack(0x0000006030e00000,0x0000006030f00000)]
  0x0000017771956ec0 JavaThread "Asynchronous log dispatcher for DefaultDaemonConnection: socket connection from /127.0.0.1:51215 to /127.0.0.1:54882" [_thread_blocked, id=5580, stack(0x0000006030f00000,0x0000006031000000)]
  0x00000177719569b0 JavaThread "Stdin handler" [_thread_blocked, id=11420, stack(0x0000006031000000,0x0000006031100000)]
  0x00000177719573d0 JavaThread "Daemon client event forwarder" [_thread_blocked, id=19128, stack(0x0000006031100000,0x0000006031200000)]
  0x00000177719578e0 JavaThread "Cache worker for journal cache (C:\Users\ZhuanZ2\.gradle\caches\journal-1)" [_thread_blocked, id=9168, stack(0x0000006031500000,0x0000006031600000)]
  0x0000017771955570 JavaThread "File lock request listener" [_thread_in_native, id=17620, stack(0x0000006031600000,0x0000006031700000)]
  0x0000017771955060 JavaThread "Cache worker for file hash cache (C:\Users\ZhuanZ2\.gradle\caches\8.13\fileHashes)" [_thread_blocked, id=10284, stack(0x0000006031700000,0x0000006031800000)]
  0x00000177719564a0 JavaThread "Cache worker for file hash cache (D:\R0V0.0.1\android\.gradle\8.13\fileHashes)" [_thread_blocked, id=10832, stack(0x000000602ee00000,0x000000602ef00000)]
  0x0000017771955a80 JavaThread "Cache worker for Build Output Cleanup Cache (D:\R0V0.0.1\android\.gradle\buildOutputCleanup)" [_thread_blocked, id=3196, stack(0x000000602ef00000,0x000000602f000000)]
  0x0000017771958300 JavaThread "File watcher server" daemon [_thread_in_native, id=17228, stack(0x0000006031a00000,0x0000006031b00000)]
  0x0000017771955f90 JavaThread "File watcher consumer" daemon [_thread_blocked, id=6808, stack(0x0000006031b00000,0x0000006031c00000)]
  0x0000017773365ce0 JavaThread "Cache worker for checksums cache (D:\R0V0.0.1\android\.gradle\8.13\checksums)" [_thread_blocked, id=5312, stack(0x0000006031c00000,0x0000006031d00000)]
  0x00000177733652c0 JavaThread "Cache worker for file content cache (C:\Users\ZhuanZ2\.gradle\caches\8.13\fileContent)" [_thread_blocked, id=13404, stack(0x0000006031d00000,0x0000006031e00000)]
  0x00000177733661f0 JavaThread "Cache worker for cache directory md-supplier (C:\Users\ZhuanZ2\.gradle\caches\8.13\md-supplier)" [_thread_blocked, id=12436, stack(0x0000006031e00000,0x0000006031f00000)]
  0x0000017773367120 JavaThread "Cache worker for cache directory md-rule (C:\Users\ZhuanZ2\.gradle\caches\8.13\md-rule)" [_thread_blocked, id=10480, stack(0x0000006031f00000,0x0000006032000000)]
  0x0000017773367630 JavaThread "Cache worker for Build Output Cleanup Cache (D:\flutter\packages\flutter_tools\gradle\.gradle\buildOutputCleanup)" [_thread_blocked, id=13212, stack(0x0000006032000000,0x0000006032100000)]
  0x0000017773366700 JavaThread "Unconstrained build operations" [_thread_blocked, id=8848, stack(0x0000006031800000,0x0000006031900000)]
  0x0000017773364390 JavaThread "Unconstrained build operations Thread 2" [_thread_blocked, id=18456, stack(0x0000006032100000,0x0000006032200000)]
  0x0000017773364db0 JavaThread "Unconstrained build operations Thread 3" [_thread_blocked, id=12208, stack(0x0000006032200000,0x0000006032300000)]
  0x0000017773368050 JavaThread "Unconstrained build operations Thread 4" [_thread_blocked, id=16836, stack(0x0000006032300000,0x0000006032400000)]
  0x00000177733648a0 JavaThread "Unconstrained build operations Thread 5" [_thread_blocked, id=3364, stack(0x0000006032400000,0x0000006032500000)]
  0x0000017773368560 JavaThread "Unconstrained build operations Thread 6" [_thread_blocked, id=15304, stack(0x0000006032500000,0x0000006032600000)]
  0x00000177733657d0 JavaThread "Unconstrained build operations Thread 7" [_thread_blocked, id=12564, stack(0x0000006032600000,0x0000006032700000)]
  0x0000017773368a70 JavaThread "Unconstrained build operations Thread 8" [_thread_blocked, id=5984, stack(0x0000006032700000,0x0000006032800000)]
  0x000001777336a8d0 JavaThread "Unconstrained build operations Thread 9" [_thread_blocked, id=19096, stack(0x0000006032800000,0x0000006032900000)]
  0x00000177733699a0 JavaThread "Unconstrained build operations Thread 10" [_thread_blocked, id=6604, stack(0x0000006032900000,0x0000006032a00000)]
  0x0000017773369490 JavaThread "Unconstrained build operations Thread 11" [_thread_blocked, id=3004, stack(0x0000006032a00000,0x0000006032b00000)]
  0x0000017773369eb0 JavaThread "Unconstrained build operations Thread 12" [_thread_blocked, id=13104, stack(0x0000006032b00000,0x0000006032c00000)]
  0x0000017773368f80 JavaThread "Unconstrained build operations Thread 13" [_thread_blocked, id=11852, stack(0x0000006032c00000,0x0000006032d00000)]
  0x000001777336a3c0 JavaThread "Unconstrained build operations Thread 14" [_thread_blocked, id=11368, stack(0x0000006032d00000,0x0000006032e00000)]
  0x000001777336ade0 JavaThread "Unconstrained build operations Thread 15" [_thread_blocked, id=14944, stack(0x0000006032e00000,0x0000006032f00000)]
  0x000001777336b2f0 JavaThread "Unconstrained build operations Thread 16" [_thread_blocked, id=900, stack(0x0000006032f00000,0x0000006033000000)]
  0x000001777336b800 JavaThread "Unconstrained build operations Thread 17" [_thread_blocked, id=18792, stack(0x0000006033000000,0x0000006033100000)]
  0x00000177731e7880 JavaThread "Unconstrained build operations Thread 18" [_thread_blocked, id=16452, stack(0x0000006033100000,0x0000006033200000)]
  0x00000177731e6440 JavaThread "Unconstrained build operations Thread 19" [_thread_blocked, id=3424, stack(0x0000006033200000,0x0000006033300000)]
  0x00000177731e82a0 JavaThread "Unconstrained build operations Thread 20" [_thread_blocked, id=17312, stack(0x0000006033300000,0x0000006033400000)]
  0x00000177731e5f30 JavaThread "Unconstrained build operations Thread 21" [_thread_blocked, id=15396, stack(0x0000006033400000,0x0000006033500000)]
  0x00000177731e7d90 JavaThread "Memory manager" [_thread_blocked, id=6396, stack(0x0000006033500000,0x0000006033600000)]
  0x00000177731e4af0 JavaThread "build event listener" [_thread_blocked, id=15496, stack(0x0000006033600000,0x0000006033700000)]
  0x00000177731e5000 JavaThread "included builds" [_thread_in_native, id=18944, stack(0x0000006033800000,0x0000006033900000)]
  0x00000177731e6950 JavaThread "Execution worker" [_thread_blocked, id=3536, stack(0x0000006033900000,0x0000006033a00000)]
  0x00000177731e8cc0 JavaThread "Execution worker Thread 2" [_thread_blocked, id=17656, stack(0x0000006033a00000,0x0000006033b00000)]
  0x00000177731e91d0 JavaThread "Execution worker Thread 3" [_thread_blocked, id=12812, stack(0x0000006033b00000,0x0000006033c00000)]
  0x00000177731e5a20 JavaThread "Execution worker Thread 4" [_thread_in_native, id=18632, stack(0x0000006033c00000,0x0000006033d00000)]
  0x00000177731e96e0 JavaThread "Execution worker Thread 5" [_thread_in_vm, id=7600, stack(0x0000006033d00000,0x0000006033e00000)] _threads_hazard_ptr=0x000001777ccabfc0
  0x00000177731e9bf0 JavaThread "Execution worker Thread 6" [_thread_blocked, id=17204, stack(0x0000006033e00000,0x0000006033f00000)]
  0x00000177731ea100 JavaThread "Execution worker Thread 7" [_thread_in_native, id=18148, stack(0x0000006033f00000,0x0000006034000000)]
  0x00000177731ea610 JavaThread "Cache worker for execution history cache (D:\flutter\packages\flutter_tools\gradle\.gradle\8.13\executionHistory)" [_thread_blocked, id=3580, stack(0x0000006034000000,0x0000006034100000)]
  0x00000177731e6e60 JavaThread "Unconstrained build operations Thread 22" [_thread_blocked, id=9256, stack(0x0000006033700000,0x0000006033800000)]
  0x00000177731eab20 JavaThread "Unconstrained build operations Thread 23" [_thread_blocked, id=11076, stack(0x0000006034100000,0x0000006034200000)]
  0x00000177731e7370 JavaThread "Unconstrained build operations Thread 24" [_thread_blocked, id=13648, stack(0x0000006034200000,0x0000006034300000)]
  0x00000177731eb030 JavaThread "Unconstrained build operations Thread 25" [_thread_blocked, id=12676, stack(0x0000006034300000,0x0000006034400000)]
  0x00000177731eb540 JavaThread "Unconstrained build operations Thread 26" [_thread_blocked, id=14540, stack(0x0000006034400000,0x0000006034500000)]
  0x00000177731eba50 JavaThread "Unconstrained build operations Thread 27" [_thread_blocked, id=3200, stack(0x0000006034500000,0x0000006034600000)]
  0x00000177731ebf60 JavaThread "Unconstrained build operations Thread 28" [_thread_blocked, id=17108, stack(0x0000006034600000,0x0000006034700000)]
  0x00000177731ec470 JavaThread "Unconstrained build operations Thread 29" [_thread_blocked, id=2232, stack(0x0000006034700000,0x0000006034800000)]
  0x00000177747c9550 JavaThread "Unconstrained build operations Thread 30" [_thread_blocked, id=18424, stack(0x0000006034800000,0x0000006034900000)]
  0x00000177747c8110 JavaThread "Unconstrained build operations Thread 31" [_thread_blocked, id=10752, stack(0x0000006034900000,0x0000006034a00000)]
  0x00000177747ca990 JavaThread "Unconstrained build operations Thread 32" [_thread_blocked, id=16572, stack(0x0000006034a00000,0x0000006034b00000)]
  0x00000177747caea0 JavaThread "Unconstrained build operations Thread 33" [_thread_blocked, id=9136, stack(0x0000006034b00000,0x0000006034c00000)]
  0x00000177747cb3b0 JavaThread "Unconstrained build operations Thread 34" [_thread_blocked, id=7284, stack(0x0000006034c00000,0x0000006034d00000)]
  0x00000177747c8620 JavaThread "Unconstrained build operations Thread 35" [_thread_blocked, id=968, stack(0x0000006034d00000,0x0000006034e00000)]
  0x00000177747cb8c0 JavaThread "Unconstrained build operations Thread 36" [_thread_blocked, id=1360, stack(0x0000006034e00000,0x0000006034f00000)]
  0x00000177747cbdd0 JavaThread "Unconstrained build operations Thread 37" [_thread_blocked, id=6496, stack(0x0000006034f00000,0x0000006035000000)]
  0x00000177747ca480 JavaThread "Unconstrained build operations Thread 38" [_thread_blocked, id=19452, stack(0x0000006035000000,0x0000006035100000)]
  0x00000177747cc2e0 JavaThread "Unconstrained build operations Thread 39" [_thread_blocked, id=7788, stack(0x0000006035100000,0x0000006035200000)]
  0x00000177747c9040 JavaThread "Unconstrained build operations Thread 40" [_thread_blocked, id=8972, stack(0x0000006035200000,0x0000006035300000)]
  0x00000177747c8b30 JavaThread "Unconstrained build operations Thread 41" [_thread_blocked, id=14532, stack(0x0000006035300000,0x0000006035400000)]
  0x00000177747cc7f0 JavaThread "Unconstrained build operations Thread 42" [_thread_blocked, id=8244, stack(0x0000006035400000,0x0000006035500000)]
  0x00000177747c9a60 JavaThread "Unconstrained build operations Thread 43" [_thread_blocked, id=13860, stack(0x0000006035600000,0x0000006035700000)]
  0x00000177747cd210 JavaThread "Unconstrained build operations Thread 44" [_thread_blocked, id=14728, stack(0x0000006035700000,0x0000006035800000)]
  0x00000177747c9f70 JavaThread "Unconstrained build operations Thread 45" [_thread_blocked, id=18668, stack(0x0000006035500000,0x0000006035600000)]
  0x00000177747cdc30 JavaThread "Unconstrained build operations Thread 46" [_thread_blocked, id=2004, stack(0x0000006035800000,0x0000006035900000)]
  0x00000177747ceb60 JavaThread "Unconstrained build operations Thread 47" [_thread_blocked, id=1492, stack(0x0000006035900000,0x0000006035a00000)]
  0x00000177747ce140 JavaThread "Unconstrained build operations Thread 48" [_thread_blocked, id=17412, stack(0x0000006035a00000,0x0000006035b00000)]
  0x00000177747cf070 JavaThread "Unconstrained build operations Thread 49" [_thread_blocked, id=16136, stack(0x0000006035b00000,0x0000006035c00000)]
  0x00000177747ce650 JavaThread "Unconstrained build operations Thread 50" [_thread_blocked, id=312, stack(0x0000006035c00000,0x0000006035d00000)]
  0x00000177747cf580 JavaThread "Unconstrained build operations Thread 51" [_thread_blocked, id=9868, stack(0x0000006035d00000,0x0000006035e00000)]
  0x0000017774ae20e0 JavaThread "Unconstrained build operations Thread 52" [_thread_blocked, id=15816, stack(0x0000006035e00000,0x0000006035f00000)]
  0x0000017774ae3f40 JavaThread "Unconstrained build operations Thread 53" [_thread_blocked, id=7696, stack(0x0000006035f00000,0x0000006036000000)]
  0x0000017774ae4960 JavaThread "Unconstrained build operations Thread 54" [_thread_blocked, id=10336, stack(0x0000006036000000,0x0000006036100000)]
  0x0000017774ae4e70 JavaThread "Unconstrained build operations Thread 55" [_thread_blocked, id=6336, stack(0x0000006036100000,0x0000006036200000)]
  0x0000017774ae3010 JavaThread "Unconstrained build operations Thread 56" [_thread_blocked, id=2940, stack(0x0000006036200000,0x0000006036300000)]
  0x0000017774ae4450 JavaThread "Unconstrained build operations Thread 57" [_thread_blocked, id=1612, stack(0x0000006036300000,0x0000006036400000)]
  0x0000017774ae5380 JavaThread "Unconstrained build operations Thread 58" [_thread_blocked, id=2916, stack(0x0000006036400000,0x0000006036500000)]
  0x0000017774ae5890 JavaThread "Unconstrained build operations Thread 59" [_thread_blocked, id=18740, stack(0x0000006036600000,0x0000006036700000)]
  0x0000017774ae5da0 JavaThread "Unconstrained build operations Thread 60" [_thread_blocked, id=12840, stack(0x0000006036700000,0x0000006036800000)]
  0x0000017774ae25f0 JavaThread "Unconstrained build operations Thread 61" [_thread_blocked, id=7200, stack(0x0000006036800000,0x0000006036900000)]
  0x0000017774ae62b0 JavaThread "Unconstrained build operations Thread 62" [_thread_blocked, id=18304, stack(0x0000006036900000,0x0000006036a00000)]
  0x0000017774ae2b00 JavaThread "Unconstrained build operations Thread 63" [_thread_blocked, id=13340, stack(0x0000006036a00000,0x0000006036b00000)]
  0x0000017774ae67c0 JavaThread "Unconstrained build operations Thread 64" [_thread_blocked, id=19052, stack(0x0000006036b00000,0x0000006036c00000)]
  0x0000017774ae6cd0 JavaThread "Unconstrained build operations Thread 65" [_thread_blocked, id=15248, stack(0x0000006036c00000,0x0000006036d00000)]
  0x0000017774ae9040 JavaThread "Unconstrained build operations Thread 66" [_thread_blocked, id=10560, stack(0x0000006036500000,0x0000006036600000)]
  0x0000017774ae9550 JavaThread "Unconstrained build operations Thread 67" [_thread_blocked, id=18524, stack(0x0000006036d00000,0x0000006036e00000)]
  0x0000017774ae8620 JavaThread "Unconstrained build operations Thread 68" [_thread_blocked, id=14000, stack(0x0000006036e00000,0x0000006036f00000)]
  0x0000017774ae8b30 JavaThread "Unconstrained build operations Thread 69" [_thread_blocked, id=18844, stack(0x0000006036f00000,0x0000006037000000)]
  0x0000017774ae76f0 JavaThread "Unconstrained build operations Thread 70" [_thread_blocked, id=7320, stack(0x0000006037000000,0x0000006037100000)]
  0x0000017774ae9a60 JavaThread "Unconstrained build operations Thread 71" [_thread_blocked, id=11624, stack(0x0000006037100000,0x0000006037200000)]
  0x0000017774ae8110 JavaThread "Unconstrained build operations Thread 72" [_thread_blocked, id=16380, stack(0x0000006037200000,0x0000006037300000)]
  0x0000017774ae7c00 JavaThread "Unconstrained build operations Thread 73" [_thread_blocked, id=1084, stack(0x0000006037300000,0x0000006037400000)]
  0x0000017775689850 JavaThread "Unconstrained build operations Thread 74" [_thread_blocked, id=12296, stack(0x0000006037400000,0x0000006037500000)]
  0x0000017775688e30 JavaThread "Unconstrained build operations Thread 75" [_thread_blocked, id=11840, stack(0x0000006037500000,0x0000006037600000)]
  0x000001777568a780 JavaThread "Unconstrained build operations Thread 76" [_thread_blocked, id=17772, stack(0x0000006037600000,0x0000006037700000)]
  0x0000017775689340 JavaThread "Unconstrained build operations Thread 77" [_thread_blocked, id=7760, stack(0x0000006037700000,0x0000006037800000)]
  0x000001777568ac90 JavaThread "Unconstrained build operations Thread 78" [_thread_blocked, id=11088, stack(0x0000006037800000,0x0000006037900000)]
  0x000001777568b6b0 JavaThread "Unconstrained build operations Thread 79" [_thread_blocked, id=18976, stack(0x0000006037900000,0x0000006037a00000)]
  0x000001777568c5e0 JavaThread "Unconstrained build operations Thread 80" [_thread_blocked, id=10784, stack(0x0000006037a00000,0x0000006037b00000)]
  0x000001777568b1a0 JavaThread "Problems report writer" [_thread_blocked, id=8312, stack(0x0000006037b00000,0x0000006037c00000)]
  0x000001777568d000 JavaThread "build event listener" [_thread_blocked, id=3952, stack(0x0000006037c00000,0x0000006037d00000)]
  0x0000017774cb2910 JavaThread "jar transforms" [_thread_blocked, id=9840, stack(0x0000006037d00000,0x0000006037e00000)]
  0x0000017774cb3840 JavaThread "jar transforms Thread 2" [_thread_blocked, id=1672, stack(0x0000006037f00000,0x0000006038000000)]
  0x0000017774cb3d50 JavaThread "jar transforms Thread 3" [_thread_blocked, id=12148, stack(0x0000006038000000,0x0000006038100000)]
  0x0000017774cb2e20 JavaThread "jar transforms Thread 4" [_thread_blocked, id=16552, stack(0x0000006038100000,0x0000006038200000)]
  0x0000017774cb5bb0 JavaThread "jar transforms Thread 5" [_thread_blocked, id=19392, stack(0x0000006038200000,0x0000006038300000)]
  0x0000017774cb3330 JavaThread "jar transforms Thread 6" [_thread_blocked, id=7636, stack(0x0000006038300000,0x0000006038400000)]
  0x0000017774cb4260 JavaThread "jar transforms Thread 7" [_thread_blocked, id=16116, stack(0x0000006038400000,0x0000006038500000)]
  0x0000017774cb56a0 JavaThread "jar transforms Thread 8" [_thread_blocked, id=17440, stack(0x0000006038500000,0x0000006038600000)]
  0x000001777de3fe60 JavaThread "Cache worker for execution history cache (D:\R0V0.0.1\android\.gradle\8.13\executionHistory)" [_thread_blocked, id=18936, stack(0x0000006038800000,0x0000006038900000)]
  0x000001777de3f440 JavaThread "WorkerExecutor Queue" [_thread_blocked, id=10608, stack(0x0000006038900000,0x0000006038a00000)]
  0x000001777de417b0 JavaThread "WorkerExecutor Queue Thread 3" [_thread_blocked, id=6444, stack(0x0000006038b00000,0x0000006038c00000)]
  0x000001777de41cc0 JavaThread "WorkerExecutor Queue Thread 4" [_thread_blocked, id=12088, stack(0x0000006038c00000,0x0000006038d00000)]
  0x000001777568ee60 JavaThread "WorkerExecutor Queue Thread 5" [_thread_blocked, id=14312, stack(0x0000006038d00000,0x0000006038e00000)]
  0x000001777c49a910 JavaThread "WorkerExecutor Queue Thread 8" [_thread_blocked, id=18716, stack(0x0000006039000000,0x0000006039100000)]
  0x000001777c49ae20 JavaThread "Exec process" [_thread_in_native, id=5076, stack(0x0000006039100000,0x0000006039200000)]
  0x000001777c49b840 JavaThread "Exec process Thread 2" [_thread_in_native, id=17296, stack(0x0000006039300000,0x0000006039400000)]
  0x000001777c49bd50 JavaThread "Exec process Thread 3" [_thread_in_native, id=8868, stack(0x0000006039400000,0x0000006039500000)]
  0x000001777c49cc80 JavaThread "Cache worker for Java compile cache (C:\Users\ZhuanZ2\.gradle\caches\8.13\javaCompile)" [_thread_in_Java, id=17396, stack(0x0000006038a00000,0x0000006038b00000)]
  0x000001777c4a0940 JavaThread "WorkerExecutor Queue Thread 12" [_thread_blocked, id=15312, stack(0x0000006038e00000,0x0000006038f00000)]
  0x000001777c4a1870 JavaThread "Thread-137" [_thread_in_native, id=16076, stack(0x0000006038f00000,0x0000006039000000)]
  0x000001777c49dbb0 JavaThread "Build operations" [_thread_blocked, id=16212, stack(0x0000006038600000,0x0000006038700000)]
  0x000001777c49eae0 JavaThread "Build operations Thread 2" [_thread_blocked, id=1292, stack(0x0000006038700000,0x0000006038800000)]
  0x000001777c49b330 JavaThread "Build operations Thread 3" [_thread_blocked, id=4456, stack(0x0000006039200000,0x0000006039300000)]
  0x000001777c4a1d80 JavaThread "Build operations Thread 4" [_thread_blocked, id=19136, stack(0x0000006039500000,0x0000006039600000)]
  0x00000177747ccd00 JavaThread "Build operations Thread 5" [_thread_blocked, id=16588, stack(0x0000006039600000,0x0000006039700000)]
  0x000001777de40880 JavaThread "Build operations Thread 6" [_thread_blocked, id=14800, stack(0x0000006039700000,0x0000006039800000)]
  0x0000017773367b40 JavaThread "Build operations Thread 7" [_thread_blocked, id=14852, stack(0x0000006039800000,0x0000006039900000)]
  0x0000017776566960 JavaThread "Build operations Thread 8" [_thread_blocked, id=7608, stack(0x0000006039900000,0x0000006039a00000)]
  0x0000017776568cd0 JavaThread "WorkerExecutor Queue Thread 13" [_thread_blocked, id=9172, stack(0x0000006039a00000,0x0000006039b00000)]
  0x0000017776567da0 JavaThread "WorkerExecutor Queue Thread 14" [_thread_blocked, id=8188, stack(0x0000006039b00000,0x0000006039c00000)]

Other Threads:
  0x000001776c9b44d0 VMThread "VM Thread" [stack: 0x000000602f700000,0x000000602f800000] [id=11408]
  0x00000177498fe800 WatcherThread [stack: 0x0000006030300000,0x0000006030400000] [id=1712]
  0x000001774996e010 GCTaskThread "GC Thread#0" [stack: 0x000000602f200000,0x000000602f300000] [id=9652]
  0x000001776cccf890 GCTaskThread "GC Thread#1" [stack: 0x0000006030400000,0x0000006030500000] [id=17072]
  0x000001776cc82690 GCTaskThread "GC Thread#2" [stack: 0x0000006030500000,0x0000006030600000] [id=15856]
  0x00000177719ac770 GCTaskThread "GC Thread#3" [stack: 0x0000006030600000,0x0000006030700000] [id=13704]
  0x00000177719aca40 GCTaskThread "GC Thread#4" [stack: 0x0000006030700000,0x0000006030800000] [id=11504]
  0x00000177719ab960 GCTaskThread "GC Thread#5" [stack: 0x0000006031200000,0x0000006031300000] [id=2504]
  0x00000177719ab0f0 GCTaskThread "GC Thread#6" [stack: 0x0000006031300000,0x0000006031400000] [id=18136]
  0x00000177719acd10 GCTaskThread "GC Thread#7" [stack: 0x0000006031400000,0x0000006031500000] [id=3672]
  0x000001774997ee80 ConcurrentGCThread "G1 Main Marker" [stack: 0x000000602f300000,0x000000602f400000] [id=11072]
  0x000001774997f7b0 ConcurrentGCThread "G1 Conc#0" [stack: 0x000000602f400000,0x000000602f500000] [id=13828]
  0x0000017772d9b4d0 ConcurrentGCThread "G1 Conc#1" [stack: 0x000000602f000000,0x000000602f100000] [id=19400]
  0x00000177499ae870 ConcurrentGCThread "G1 Refine#0" [stack: 0x000000602f500000,0x000000602f600000] [id=9512]
  0x000001776c870080 ConcurrentGCThread "G1 Service" [stack: 0x000000602f600000,0x000000602f700000] [id=11660]

Threads with active compile tasks:
C2 CompilerThread0  237595 22897   !   4       org.gradle.api.internal.artifacts.transform.TransformingAsyncArtifactListener$TransformedArtifact::finalizeValue (168 bytes)

VM state: at safepoint (normal execution)

VM Mutex/Monitor currently owned by a thread:  ([mutex/lock_event])
[0x0000017747662270] Threads_lock - owner thread: 0x000001776c9b44d0
[0x00000177498fb700] Heap_lock - owner thread: 0x000001777c49cc80

Heap address: 0x0000000700000000, size: 4096 MB, Compressed Oops mode: Zero based, Oop shift amount: 3

CDS archive(s) mapped at: [0x0000017700000000-0x0000017700bb0000-0x0000017700bb0000), size 12255232, SharedBaseAddress: 0x0000017700000000, ArchiveRelocationMode: 1.
Compressed class space mapped at: 0x0000017701000000-0x0000017741000000, reserved size: 1073741824
Narrow klass base: 0x0000017700000000, Narrow klass shift: 0, Narrow klass range: 0x100000000

GC Precious Log:
 CPUs: 8 total, 8 available
 Memory: 7044M
 Large Page Support: Disabled
 NUMA Support: Disabled
 Compressed Oops: Enabled (Zero based)
 Heap Region Size: 2M
 Heap Min Capacity: 8M
 Heap Initial Capacity: 112M
 Heap Max Capacity: 4G
 Pre-touch: Disabled
 Parallel Workers: 8
 Concurrent Workers: 2
 Concurrent Refinement Workers: 8
 Periodic GC: Disabled

Heap:
 garbage-first heap   total 509952K, used 331093K [0x0000000700000000, 0x0000000800000000)
  region size 2048K, 30 young (61440K), 5 survivors (10240K)
 Metaspace       used 136202K, committed 137792K, reserved 1179648K
  class space    used 18482K, committed 19264K, reserved 1048576K

Heap Regions: E=young(eden), S=young(survivor), O=old, HS=humongous(starts), HC=humongous(continues), CS=collection set, F=free, OA=open archive, CA=closed archive, TAMS=top-at-mark-start (previous, next)
|   0|0x0000000700000000, 0x0000000700200000, 0x0000000700200000|100%|HS|  |TAMS 0x0000000700200000, 0x0000000700000000| Complete 
|   1|0x0000000700200000, 0x0000000700400000, 0x0000000700400000|100%|HC|  |TAMS 0x0000000700400000, 0x0000000700200000| Complete 
|   2|0x0000000700400000, 0x0000000700600000, 0x0000000700600000|100%| O|  |TAMS 0x0000000700600000, 0x0000000700400000| Untracked 
|   3|0x0000000700600000, 0x0000000700800000, 0x0000000700800000|100%| O|  |TAMS 0x0000000700800000, 0x0000000700600000| Untracked 
|   4|0x0000000700800000, 0x0000000700a00000, 0x0000000700a00000|100%| O|  |TAMS 0x0000000700a00000, 0x0000000700800000| Untracked 
|   5|0x0000000700a00000, 0x0000000700c00000, 0x0000000700c00000|100%| O|  |TAMS 0x0000000700c00000, 0x0000000700a00000| Untracked 
|   6|0x0000000700c00000, 0x0000000700e00000, 0x0000000700e00000|100%| O|  |TAMS 0x0000000700e00000, 0x0000000700c00000| Untracked 
|   7|0x0000000700e00000, 0x0000000700fffff8, 0x0000000701000000| 99%| O|  |TAMS 0x0000000700fffff8, 0x0000000700e00000| Untracked 
|   8|0x0000000701000000, 0x0000000701200000, 0x0000000701200000|100%| O|  |TAMS 0x0000000701200000, 0x0000000701000000| Untracked 
|   9|0x0000000701200000, 0x0000000701400000, 0x0000000701400000|100%| O|  |TAMS 0x0000000701400000, 0x0000000701200000| Untracked 
|  10|0x0000000701400000, 0x0000000701600000, 0x0000000701600000|100%| O|  |TAMS 0x0000000701600000, 0x0000000701400000| Untracked 
|  11|0x0000000701600000, 0x0000000701800000, 0x0000000701800000|100%| O|  |TAMS 0x0000000701800000, 0x0000000701600000| Untracked 
|  12|0x0000000701800000, 0x0000000701a00000, 0x0000000701a00000|100%| O|  |TAMS 0x0000000701a00000, 0x0000000701800000| Untracked 
|  13|0x0000000701a00000, 0x0000000701c00000, 0x0000000701c00000|100%| O|  |TAMS 0x0000000701c00000, 0x0000000701a00000| Untracked 
|  14|0x0000000701c00000, 0x0000000701e00000, 0x0000000701e00000|100%| O|  |TAMS 0x0000000701e00000, 0x0000000701c00000| Untracked 
|  15|0x0000000701e00000, 0x0000000702000000, 0x0000000702000000|100%| O|  |TAMS 0x0000000702000000, 0x0000000701e00000| Untracked 
|  16|0x0000000702000000, 0x0000000702200000, 0x0000000702200000|100%| O|  |TAMS 0x0000000702200000, 0x0000000702000000| Untracked 
|  17|0x0000000702200000, 0x0000000702400000, 0x0000000702400000|100%| O|  |TAMS 0x0000000702400000, 0x0000000702200000| Untracked 
|  18|0x0000000702400000, 0x0000000702600000, 0x0000000702600000|100%| O|  |TAMS 0x0000000702600000, 0x0000000702400000| Untracked 
|  19|0x0000000702600000, 0x0000000702800000, 0x0000000702800000|100%|HS|  |TAMS 0x0000000702800000, 0x0000000702600000| Complete 
|  20|0x0000000702800000, 0x0000000702a00000, 0x0000000702a00000|100%|HS|  |TAMS 0x0000000702a00000, 0x0000000702800000| Complete 
|  21|0x0000000702a00000, 0x0000000702c00000, 0x0000000702c00000|100%|HS|  |TAMS 0x0000000702c00000, 0x0000000702a00000| Complete 
|  22|0x0000000702c00000, 0x0000000702e00000, 0x0000000702e00000|100%|HC|  |TAMS 0x0000000702e00000, 0x0000000702c00000| Complete 
|  23|0x0000000702e00000, 0x0000000703000000, 0x0000000703000000|100%| O|  |TAMS 0x0000000703000000, 0x0000000702e00000| Untracked 
|  24|0x0000000703000000, 0x0000000703200000, 0x0000000703200000|100%|HS|  |TAMS 0x0000000703200000, 0x0000000703000000| Complete 
|  25|0x0000000703200000, 0x0000000703400000, 0x0000000703400000|100%|HS|  |TAMS 0x0000000703400000, 0x0000000703200000| Complete 
|  26|0x0000000703400000, 0x0000000703600000, 0x0000000703600000|100%|HC|  |TAMS 0x0000000703600000, 0x0000000703400000| Complete 
|  27|0x0000000703600000, 0x0000000703800000, 0x0000000703800000|100%| O|  |TAMS 0x0000000703800000, 0x0000000703600000| Untracked 
|  28|0x0000000703800000, 0x0000000703a00000, 0x0000000703a00000|100%| O|  |TAMS 0x0000000703a00000, 0x0000000703800000| Untracked 
|  29|0x0000000703a00000, 0x0000000703c00000, 0x0000000703c00000|100%| O|  |TAMS 0x0000000703c00000, 0x0000000703a00000| Untracked 
|  30|0x0000000703c00000, 0x0000000703e00000, 0x0000000703e00000|100%| O|  |TAMS 0x0000000703e00000, 0x0000000703c00000| Untracked 
|  31|0x0000000703e00000, 0x0000000704000000, 0x0000000704000000|100%| O|  |TAMS 0x0000000704000000, 0x0000000703e00000| Untracked 
|  32|0x0000000704000000, 0x0000000704200000, 0x0000000704200000|100%| O|  |TAMS 0x0000000704200000, 0x0000000704000000| Untracked 
|  33|0x0000000704200000, 0x0000000704400000, 0x0000000704400000|100%| O|  |TAMS 0x0000000704400000, 0x0000000704200000| Untracked 
|  34|0x0000000704400000, 0x0000000704600000, 0x0000000704600000|100%| O|  |TAMS 0x0000000704600000, 0x0000000704400000| Untracked 
|  35|0x0000000704600000, 0x0000000704800000, 0x0000000704800000|100%| O|  |TAMS 0x0000000704800000, 0x0000000704600000| Untracked 
|  36|0x0000000704800000, 0x0000000704a00000, 0x0000000704a00000|100%| O|  |TAMS 0x0000000704a00000, 0x0000000704800000| Untracked 
|  37|0x0000000704a00000, 0x0000000704c00000, 0x0000000704c00000|100%| O|  |TAMS 0x0000000704c00000, 0x0000000704a00000| Complete 
|  38|0x0000000704c00000, 0x0000000704e00000, 0x0000000704e00000|100%| O|  |TAMS 0x0000000704e00000, 0x0000000704c00000| Untracked 
|  39|0x0000000704e00000, 0x0000000705000000, 0x0000000705000000|100%|HS|  |TAMS 0x0000000705000000, 0x0000000704e00000| Complete 
|  40|0x0000000705000000, 0x0000000705200000, 0x0000000705200000|100%| O|  |TAMS 0x0000000705200000, 0x0000000705000000| Untracked 
|  41|0x0000000705200000, 0x0000000705400000, 0x0000000705400000|100%| O|  |TAMS 0x0000000705400000, 0x0000000705200000| Untracked 
|  42|0x0000000705400000, 0x0000000705600000, 0x0000000705600000|100%| O|  |TAMS 0x0000000705600000, 0x0000000705400000| Untracked 
|  43|0x0000000705600000, 0x0000000705800000, 0x0000000705800000|100%| O|  |TAMS 0x0000000705800000, 0x0000000705600000| Untracked 
|  44|0x0000000705800000, 0x0000000705a00000, 0x0000000705a00000|100%| O|  |TAMS 0x0000000705a00000, 0x0000000705800000| Untracked 
|  45|0x0000000705a00000, 0x0000000705c00000, 0x0000000705c00000|100%| O|  |TAMS 0x0000000705c00000, 0x0000000705a00000| Untracked 
|  46|0x0000000705c00000, 0x0000000705e00000, 0x0000000705e00000|100%| O|  |TAMS 0x0000000705e00000, 0x0000000705c00000| Untracked 
|  47|0x0000000705e00000, 0x0000000706000000, 0x0000000706000000|100%| O|  |TAMS 0x0000000706000000, 0x0000000705e00000| Untracked 
|  48|0x0000000706000000, 0x0000000706200000, 0x0000000706200000|100%| O|  |TAMS 0x0000000706200000, 0x0000000706000000| Untracked 
|  49|0x0000000706200000, 0x0000000706400000, 0x0000000706400000|100%| O|  |TAMS 0x0000000706400000, 0x0000000706200000| Untracked 
|  50|0x0000000706400000, 0x0000000706600000, 0x0000000706600000|100%| O|  |TAMS 0x0000000706600000, 0x0000000706400000| Untracked 
|  51|0x0000000706600000, 0x0000000706800000, 0x0000000706800000|100%| O|  |TAMS 0x0000000706800000, 0x0000000706600000| Untracked 
|  52|0x0000000706800000, 0x0000000706a00000, 0x0000000706a00000|100%| O|  |TAMS 0x0000000706a00000, 0x0000000706800000| Untracked 
|  53|0x0000000706a00000, 0x0000000706c00000, 0x0000000706c00000|100%| O|  |TAMS 0x0000000706c00000, 0x0000000706a00000| Untracked 
|  54|0x0000000706c00000, 0x0000000706e00000, 0x0000000706e00000|100%| O|  |TAMS 0x0000000706e00000, 0x0000000706c00000| Untracked 
|  55|0x0000000706e00000, 0x0000000707000000, 0x0000000707000000|100%| O|  |TAMS 0x0000000707000000, 0x0000000706e00000| Untracked 
|  56|0x0000000707000000, 0x0000000707200000, 0x0000000707200000|100%| O|  |TAMS 0x0000000707200000, 0x0000000707000000| Untracked 
|  57|0x0000000707200000, 0x0000000707400000, 0x0000000707400000|100%| O|  |TAMS 0x0000000707400000, 0x0000000707200000| Untracked 
|  58|0x0000000707400000, 0x0000000707600000, 0x0000000707600000|100%| O|  |TAMS 0x0000000707600000, 0x0000000707400000| Untracked 
|  59|0x0000000707600000, 0x0000000707800000, 0x0000000707800000|100%| O|  |TAMS 0x0000000707800000, 0x0000000707600000| Untracked 
|  60|0x0000000707800000, 0x0000000707a00000, 0x0000000707a00000|100%| O|  |TAMS 0x0000000707a00000, 0x0000000707800000| Untracked 
|  61|0x0000000707a00000, 0x0000000707c00000, 0x0000000707c00000|100%| O|  |TAMS 0x0000000707c00000, 0x0000000707a00000| Untracked 
|  62|0x0000000707c00000, 0x0000000707e00000, 0x0000000707e00000|100%| O|  |TAMS 0x0000000707e00000, 0x0000000707c00000| Untracked 
|  63|0x0000000707e00000, 0x0000000708000000, 0x0000000708000000|100%| O|  |TAMS 0x0000000708000000, 0x0000000707e00000| Untracked 
|  64|0x0000000708000000, 0x0000000708200000, 0x0000000708200000|100%| O|  |TAMS 0x0000000708200000, 0x0000000708000000| Untracked 
|  65|0x0000000708200000, 0x0000000708400000, 0x0000000708400000|100%| O|  |TAMS 0x0000000708400000, 0x0000000708200000| Untracked 
|  66|0x0000000708400000, 0x0000000708600000, 0x0000000708600000|100%| O|  |TAMS 0x0000000708600000, 0x0000000708400000| Untracked 
|  67|0x0000000708600000, 0x0000000708800000, 0x0000000708800000|100%| O|  |TAMS 0x0000000708800000, 0x0000000708600000| Untracked 
|  68|0x0000000708800000, 0x0000000708a00000, 0x0000000708a00000|100%| O|  |TAMS 0x0000000708a00000, 0x0000000708800000| Untracked 
|  69|0x0000000708a00000, 0x0000000708c00000, 0x0000000708c00000|100%| O|  |TAMS 0x0000000708c00000, 0x0000000708a00000| Untracked 
|  70|0x0000000708c00000, 0x0000000708e00000, 0x0000000708e00000|100%| O|  |TAMS 0x0000000708e00000, 0x0000000708c00000| Untracked 
|  71|0x0000000708e00000, 0x0000000709000000, 0x0000000709000000|100%| O|  |TAMS 0x0000000709000000, 0x0000000708e00000| Untracked 
|  72|0x0000000709000000, 0x0000000709200000, 0x0000000709200000|100%| O|  |TAMS 0x0000000709200000, 0x0000000709000000| Untracked 
|  73|0x0000000709200000, 0x0000000709400000, 0x0000000709400000|100%|HS|  |TAMS 0x0000000709400000, 0x0000000709200000| Complete 
|  74|0x0000000709400000, 0x0000000709600000, 0x0000000709600000|100%| O|  |TAMS 0x0000000709600000, 0x0000000709400000| Untracked 
|  75|0x0000000709600000, 0x0000000709800000, 0x0000000709800000|100%|HS|  |TAMS 0x0000000709800000, 0x0000000709600000| Complete 
|  76|0x0000000709800000, 0x0000000709a00000, 0x0000000709a00000|100%| O|  |TAMS 0x0000000709a00000, 0x0000000709800000| Untracked 
|  77|0x0000000709a00000, 0x0000000709c00000, 0x0000000709c00000|100%| O|  |TAMS 0x0000000709c00000, 0x0000000709a00000| Untracked 
|  78|0x0000000709c00000, 0x0000000709e00000, 0x0000000709e00000|100%| O|  |TAMS 0x0000000709e00000, 0x0000000709c00000| Untracked 
|  79|0x0000000709e00000, 0x000000070a000000, 0x000000070a000000|100%| O|  |TAMS 0x000000070a000000, 0x0000000709e00000| Untracked 
|  80|0x000000070a000000, 0x000000070a200000, 0x000000070a200000|100%| O|  |TAMS 0x000000070a200000, 0x000000070a000000| Untracked 
|  81|0x000000070a200000, 0x000000070a400000, 0x000000070a400000|100%| O|  |TAMS 0x000000070a400000, 0x000000070a200000| Untracked 
|  82|0x000000070a400000, 0x000000070a600000, 0x000000070a600000|100%| O|  |TAMS 0x000000070a600000, 0x000000070a400000| Complete 
|  83|0x000000070a600000, 0x000000070a800000, 0x000000070a800000|100%| O|  |TAMS 0x000000070a800000, 0x000000070a600000| Untracked 
|  84|0x000000070a800000, 0x000000070aa00000, 0x000000070aa00000|100%| O|  |TAMS 0x000000070aa00000, 0x000000070a800000| Untracked 
|  85|0x000000070aa00000, 0x000000070ac00000, 0x000000070ac00000|100%| O|  |TAMS 0x000000070ac00000, 0x000000070aa00000| Untracked 
|  86|0x000000070ac00000, 0x000000070ae00000, 0x000000070ae00000|100%| O|  |TAMS 0x000000070ae00000, 0x000000070ac00000| Untracked 
|  87|0x000000070ae00000, 0x000000070b000000, 0x000000070b000000|100%| O|  |TAMS 0x000000070b000000, 0x000000070ae00000| Untracked 
|  88|0x000000070b000000, 0x000000070b200000, 0x000000070b200000|100%| O|  |TAMS 0x000000070b200000, 0x000000070b000000| Untracked 
|  89|0x000000070b200000, 0x000000070b400000, 0x000000070b400000|100%|HS|  |TAMS 0x000000070b400000, 0x000000070b200000| Complete 
|  90|0x000000070b400000, 0x000000070b600000, 0x000000070b600000|100%| O|  |TAMS 0x000000070b600000, 0x000000070b400000| Untracked 
|  91|0x000000070b600000, 0x000000070b800000, 0x000000070b800000|100%|HS|  |TAMS 0x000000070b800000, 0x000000070b600000| Complete 
|  92|0x000000070b800000, 0x000000070ba00000, 0x000000070ba00000|100%| O|  |TAMS 0x000000070ba00000, 0x000000070b800000| Untracked 
|  93|0x000000070ba00000, 0x000000070bc00000, 0x000000070bc00000|100%| O|  |TAMS 0x000000070bc00000, 0x000000070ba00000| Untracked 
|  94|0x000000070bc00000, 0x000000070be00000, 0x000000070be00000|100%| O|  |TAMS 0x000000070be00000, 0x000000070bc00000| Untracked 
|  95|0x000000070be00000, 0x000000070c000000, 0x000000070c000000|100%| O|  |TAMS 0x000000070c000000, 0x000000070be00000| Untracked 
|  96|0x000000070c000000, 0x000000070c200000, 0x000000070c200000|100%| O|  |TAMS 0x000000070c200000, 0x000000070c000000| Untracked 
|  97|0x000000070c200000, 0x000000070c400000, 0x000000070c400000|100%| O|  |TAMS 0x000000070c400000, 0x000000070c200000| Untracked 
|  98|0x000000070c400000, 0x000000070c600000, 0x000000070c600000|100%| O|  |TAMS 0x000000070c600000, 0x000000070c400000| Untracked 
|  99|0x000000070c600000, 0x000000070c800000, 0x000000070c800000|100%| O|  |TAMS 0x000000070c800000, 0x000000070c600000| Untracked 
| 100|0x000000070c800000, 0x000000070ca00000, 0x000000070ca00000|100%| O|  |TAMS 0x000000070ca00000, 0x000000070c800000| Untracked 
| 101|0x000000070ca00000, 0x000000070cc00000, 0x000000070cc00000|100%| O|  |TAMS 0x000000070cc00000, 0x000000070ca00000| Complete 
| 102|0x000000070cc00000, 0x000000070ce00000, 0x000000070ce00000|100%|HS|  |TAMS 0x000000070ce00000, 0x000000070cc00000| Complete 
| 103|0x000000070ce00000, 0x000000070d000000, 0x000000070d000000|100%| O|  |TAMS 0x000000070d000000, 0x000000070ce00000| Untracked 
| 104|0x000000070d000000, 0x000000070d200000, 0x000000070d200000|100%| O|  |TAMS 0x000000070d200000, 0x000000070d000000| Untracked 
| 105|0x000000070d200000, 0x000000070d400000, 0x000000070d400000|100%| O|  |TAMS 0x000000070d400000, 0x000000070d200000| Untracked 
| 106|0x000000070d400000, 0x000000070d600000, 0x000000070d600000|100%|HS|  |TAMS 0x000000070d600000, 0x000000070d400000| Complete 
| 107|0x000000070d600000, 0x000000070d800000, 0x000000070d800000|100%| O|  |TAMS 0x000000070d800000, 0x000000070d600000| Untracked 
| 108|0x000000070d800000, 0x000000070da00000, 0x000000070da00000|100%| O|  |TAMS 0x000000070da00000, 0x000000070d800000| Untracked 
| 109|0x000000070da00000, 0x000000070dc00000, 0x000000070dc00000|100%| O|  |TAMS 0x000000070dc00000, 0x000000070da00000| Untracked 
| 110|0x000000070dc00000, 0x000000070de00000, 0x000000070de00000|100%| O|  |TAMS 0x000000070de00000, 0x000000070dc00000| Untracked 
| 111|0x000000070de00000, 0x000000070e000000, 0x000000070e000000|100%| O|  |TAMS 0x000000070e000000, 0x000000070de00000| Untracked 
| 112|0x000000070e000000, 0x000000070e200000, 0x000000070e200000|100%| O|  |TAMS 0x000000070e200000, 0x000000070e000000| Untracked 
| 113|0x000000070e200000, 0x000000070e400000, 0x000000070e400000|100%| O|  |TAMS 0x000000070e400000, 0x000000070e200000| Untracked 
| 114|0x000000070e400000, 0x000000070e600000, 0x000000070e600000|100%| O|  |TAMS 0x000000070e600000, 0x000000070e400000| Untracked 
| 115|0x000000070e600000, 0x000000070e800000, 0x000000070e800000|100%| O|  |TAMS 0x000000070e800000, 0x000000070e600000| Untracked 
| 116|0x000000070e800000, 0x000000070ea00000, 0x000000070ea00000|100%| O|  |TAMS 0x000000070ea00000, 0x000000070e800000| Untracked 
| 117|0x000000070ea00000, 0x000000070ec00000, 0x000000070ec00000|100%| O|  |TAMS 0x000000070ec00000, 0x000000070ea00000| Untracked 
| 118|0x000000070ec00000, 0x000000070ee00000, 0x000000070ee00000|100%| O|  |TAMS 0x000000070ee00000, 0x000000070ec00000| Untracked 
| 119|0x000000070ee00000, 0x000000070f000000, 0x000000070f000000|100%| O|  |TAMS 0x000000070f000000, 0x000000070ee00000| Complete 
| 120|0x000000070f000000, 0x000000070f200000, 0x000000070f200000|100%| O|  |TAMS 0x000000070f200000, 0x000000070f000000| Untracked 
| 121|0x000000070f200000, 0x000000070f400000, 0x000000070f400000|100%| O|  |TAMS 0x000000070f400000, 0x000000070f200000| Untracked 
| 122|0x000000070f400000, 0x000000070f600000, 0x000000070f600000|100%| O|  |TAMS 0x000000070f600000, 0x000000070f400000| Complete 
| 123|0x000000070f600000, 0x000000070f800000, 0x000000070f800000|100%| O|  |TAMS 0x000000070f800000, 0x000000070f600000| Untracked 
| 124|0x000000070f800000, 0x000000070fa00000, 0x000000070fa00000|100%| O|  |TAMS 0x000000070fa00000, 0x000000070f800000| Untracked 
| 125|0x000000070fa00000, 0x000000070fc00000, 0x000000070fc00000|100%| O|  |TAMS 0x000000070fc00000, 0x000000070fa00000| Untracked 
| 126|0x000000070fc00000, 0x000000070fe00000, 0x000000070fe00000|100%| O|  |TAMS 0x000000070fe00000, 0x000000070fc00000| Untracked 
| 127|0x000000070fe00000, 0x0000000710000000, 0x0000000710000000|100%| O|  |TAMS 0x000000070ff9c000, 0x000000070fe00000| Untracked 
| 128|0x0000000710000000, 0x0000000710200000, 0x0000000710200000|100%| O|  |TAMS 0x0000000710000000, 0x0000000710000000| Untracked 
| 129|0x0000000710200000, 0x0000000710400000, 0x0000000710400000|100%| O|  |TAMS 0x0000000710200000, 0x0000000710200000| Untracked 
| 130|0x0000000710400000, 0x0000000710600000, 0x0000000710600000|100%| O|  |TAMS 0x0000000710400000, 0x0000000710400000| Untracked 
| 131|0x0000000710600000, 0x0000000710800000, 0x0000000710800000|100%| O|  |TAMS 0x0000000710600000, 0x0000000710600000| Untracked 
| 132|0x0000000710800000, 0x0000000710a00000, 0x0000000710a00000|100%| O|  |TAMS 0x0000000710800000, 0x0000000710800000| Untracked 
| 133|0x0000000710a00000, 0x0000000710bfcdd0, 0x0000000710c00000| 99%| O|  |TAMS 0x0000000710a00000, 0x0000000710a00000| Untracked 
| 134|0x0000000710c00000, 0x0000000710c00000, 0x0000000710e00000|  0%| F|  |TAMS 0x0000000710c00000, 0x0000000710c00000| Untracked 
| 135|0x0000000710e00000, 0x0000000710e00000, 0x0000000711000000|  0%| F|  |TAMS 0x0000000710e00000, 0x0000000710e00000| Untracked 
| 136|0x0000000711000000, 0x0000000711000000, 0x0000000711200000|  0%| F|  |TAMS 0x0000000711000000, 0x0000000711000000| Untracked 
| 137|0x0000000711200000, 0x0000000711200000, 0x0000000711400000|  0%| F|  |TAMS 0x0000000711200000, 0x0000000711200000| Untracked 
| 138|0x0000000711400000, 0x0000000711400000, 0x0000000711600000|  0%| F|  |TAMS 0x0000000711400000, 0x0000000711400000| Untracked 
| 139|0x0000000711600000, 0x0000000711600000, 0x0000000711800000|  0%| F|  |TAMS 0x0000000711600000, 0x0000000711600000| Untracked 
| 140|0x0000000711800000, 0x0000000711800000, 0x0000000711a00000|  0%| F|  |TAMS 0x0000000711800000, 0x0000000711800000| Untracked 
| 141|0x0000000711a00000, 0x0000000711a00000, 0x0000000711c00000|  0%| F|  |TAMS 0x0000000711a00000, 0x0000000711a00000| Untracked 
| 142|0x0000000711c00000, 0x0000000711c00000, 0x0000000711e00000|  0%| F|  |TAMS 0x0000000711c00000, 0x0000000711c00000| Untracked 
| 143|0x0000000711e00000, 0x0000000711e00000, 0x0000000712000000|  0%| F|  |TAMS 0x0000000711e00000, 0x0000000711e00000| Untracked 
| 144|0x0000000712000000, 0x0000000712000000, 0x0000000712200000|  0%| F|  |TAMS 0x0000000712000000, 0x0000000712000000| Untracked 
| 145|0x0000000712200000, 0x0000000712200000, 0x0000000712400000|  0%| F|  |TAMS 0x0000000712200000, 0x0000000712200000| Untracked 
| 146|0x0000000712400000, 0x0000000712400000, 0x0000000712600000|  0%| F|  |TAMS 0x0000000712400000, 0x0000000712400000| Untracked 
| 147|0x0000000712600000, 0x0000000712600000, 0x0000000712800000|  0%| F|  |TAMS 0x0000000712600000, 0x0000000712600000| Untracked 
| 148|0x0000000712800000, 0x0000000712800000, 0x0000000712a00000|  0%| F|  |TAMS 0x0000000712800000, 0x0000000712800000| Untracked 
| 149|0x0000000712a00000, 0x0000000712a00000, 0x0000000712c00000|  0%| F|  |TAMS 0x0000000712a00000, 0x0000000712a00000| Untracked 
| 150|0x0000000712c00000, 0x0000000712c00000, 0x0000000712e00000|  0%| F|  |TAMS 0x0000000712c00000, 0x0000000712c00000| Untracked 
| 151|0x0000000712e00000, 0x0000000712e00000, 0x0000000713000000|  0%| F|  |TAMS 0x0000000712e00000, 0x0000000712e00000| Untracked 
| 152|0x0000000713000000, 0x0000000713000000, 0x0000000713200000|  0%| F|  |TAMS 0x0000000713000000, 0x0000000713000000| Untracked 
| 153|0x0000000713200000, 0x0000000713200000, 0x0000000713400000|  0%| F|  |TAMS 0x0000000713200000, 0x0000000713200000| Untracked 
| 154|0x0000000713400000, 0x0000000713400000, 0x0000000713600000|  0%| F|  |TAMS 0x0000000713400000, 0x0000000713400000| Untracked 
| 155|0x0000000713600000, 0x0000000713600000, 0x0000000713800000|  0%| F|  |TAMS 0x0000000713600000, 0x0000000713600000| Untracked 
| 156|0x0000000713800000, 0x0000000713800000, 0x0000000713a00000|  0%| F|  |TAMS 0x0000000713800000, 0x0000000713800000| Untracked 
| 157|0x0000000713a00000, 0x0000000713a87880, 0x0000000713c00000| 26%| E|CS|TAMS 0x0000000713a00000, 0x0000000713a00000| Complete 
| 158|0x0000000713c00000, 0x0000000713e00000, 0x0000000713e00000|100%| E|CS|TAMS 0x0000000713c00000, 0x0000000713c00000| Complete 
| 159|0x0000000713e00000, 0x0000000714000000, 0x0000000714000000|100%| E|CS|TAMS 0x0000000713e00000, 0x0000000713e00000| Complete 
| 160|0x0000000714000000, 0x0000000714000000, 0x0000000714200000|  0%| F|  |TAMS 0x0000000714000000, 0x0000000714000000| Untracked 
| 161|0x0000000714200000, 0x0000000714200000, 0x0000000714400000|  0%| F|  |TAMS 0x0000000714200000, 0x0000000714200000| Untracked 
| 162|0x0000000714400000, 0x0000000714400000, 0x0000000714600000|  0%| F|  |TAMS 0x0000000714400000, 0x0000000714400000| Untracked 
| 163|0x0000000714600000, 0x0000000714600000, 0x0000000714800000|  0%| F|  |TAMS 0x0000000714600000, 0x0000000714600000| Untracked 
| 164|0x0000000714800000, 0x0000000714800000, 0x0000000714a00000|  0%| F|  |TAMS 0x0000000714800000, 0x0000000714800000| Untracked 
| 165|0x0000000714a00000, 0x0000000714a00000, 0x0000000714c00000|  0%| F|  |TAMS 0x0000000714a00000, 0x0000000714a00000| Untracked 
| 166|0x0000000714c00000, 0x0000000714e00000, 0x0000000714e00000|100%| E|CS|TAMS 0x0000000714c00000, 0x0000000714c00000| Complete 
| 167|0x0000000714e00000, 0x0000000715000000, 0x0000000715000000|100%| E|CS|TAMS 0x0000000714e00000, 0x0000000714e00000| Complete 
| 168|0x0000000715000000, 0x0000000715000000, 0x0000000715200000|  0%| F|  |TAMS 0x0000000715000000, 0x0000000715000000| Untracked 
| 169|0x0000000715200000, 0x0000000715200000, 0x0000000715400000|  0%| F|  |TAMS 0x0000000715200000, 0x0000000715200000| Untracked 
| 170|0x0000000715400000, 0x0000000715400000, 0x0000000715600000|  0%| F|  |TAMS 0x0000000715400000, 0x0000000715400000| Untracked 
| 171|0x0000000715600000, 0x0000000715600000, 0x0000000715800000|  0%| F|  |TAMS 0x0000000715600000, 0x0000000715600000| Untracked 
| 172|0x0000000715800000, 0x0000000715800000, 0x0000000715a00000|  0%| F|  |TAMS 0x0000000715800000, 0x0000000715800000| Untracked 
| 173|0x0000000715a00000, 0x0000000715a00000, 0x0000000715c00000|  0%| F|  |TAMS 0x0000000715a00000, 0x0000000715a00000| Untracked 
| 174|0x0000000715c00000, 0x0000000715c00000, 0x0000000715e00000|  0%| F|  |TAMS 0x0000000715c00000, 0x0000000715c00000| Untracked 
| 175|0x0000000715e00000, 0x0000000715e00000, 0x0000000716000000|  0%| F|  |TAMS 0x0000000715e00000, 0x0000000715e00000| Untracked 
| 176|0x0000000716000000, 0x0000000716000000, 0x0000000716200000|  0%| F|  |TAMS 0x0000000716000000, 0x0000000716000000| Untracked 
| 177|0x0000000716200000, 0x0000000716200000, 0x0000000716400000|  0%| F|  |TAMS 0x0000000716200000, 0x0000000716200000| Untracked 
| 178|0x0000000716400000, 0x0000000716400000, 0x0000000716600000|  0%| F|  |TAMS 0x0000000716400000, 0x0000000716400000| Untracked 
| 179|0x0000000716600000, 0x0000000716600000, 0x0000000716800000|  0%| F|  |TAMS 0x0000000716600000, 0x0000000716600000| Untracked 
| 180|0x0000000716800000, 0x0000000716800000, 0x0000000716a00000|  0%| F|  |TAMS 0x0000000716800000, 0x0000000716800000| Untracked 
| 181|0x0000000716a00000, 0x0000000716a00000, 0x0000000716c00000|  0%| F|  |TAMS 0x0000000716a00000, 0x0000000716a00000| Untracked 
| 182|0x0000000716c00000, 0x0000000716c00000, 0x0000000716e00000|  0%| F|  |TAMS 0x0000000716c00000, 0x0000000716c00000| Untracked 
| 183|0x0000000716e00000, 0x0000000716e00000, 0x0000000717000000|  0%| F|  |TAMS 0x0000000716e00000, 0x0000000716e00000| Untracked 
| 184|0x0000000717000000, 0x0000000717000000, 0x0000000717200000|  0%| F|  |TAMS 0x0000000717000000, 0x0000000717000000| Untracked 
| 185|0x0000000717200000, 0x0000000717200000, 0x0000000717400000|  0%| F|  |TAMS 0x0000000717200000, 0x0000000717200000| Untracked 
| 186|0x0000000717400000, 0x0000000717400000, 0x0000000717600000|  0%| F|  |TAMS 0x0000000717400000, 0x0000000717400000| Untracked 
| 187|0x0000000717600000, 0x0000000717600000, 0x0000000717800000|  0%| F|  |TAMS 0x0000000717600000, 0x0000000717600000| Untracked 
| 188|0x0000000717800000, 0x0000000717800000, 0x0000000717a00000|  0%| F|  |TAMS 0x0000000717800000, 0x0000000717800000| Untracked 
| 189|0x0000000717a00000, 0x0000000717a00000, 0x0000000717c00000|  0%| F|  |TAMS 0x0000000717a00000, 0x0000000717a00000| Untracked 
| 190|0x0000000717c00000, 0x0000000717e00000, 0x0000000717e00000|100%| E|CS|TAMS 0x0000000717c00000, 0x0000000717c00000| Complete 
| 191|0x0000000717e00000, 0x0000000718000000, 0x0000000718000000|100%| E|CS|TAMS 0x0000000717e00000, 0x0000000717e00000| Complete 
| 192|0x0000000718000000, 0x0000000718200000, 0x0000000718200000|100%| E|CS|TAMS 0x0000000718000000, 0x0000000718000000| Complete 
| 193|0x0000000718200000, 0x0000000718400000, 0x0000000718400000|100%| E|CS|TAMS 0x0000000718200000, 0x0000000718200000| Complete 
| 194|0x0000000718400000, 0x0000000718600000, 0x0000000718600000|100%| E|CS|TAMS 0x0000000718400000, 0x0000000718400000| Complete 
| 195|0x0000000718600000, 0x0000000718800000, 0x0000000718800000|100%| E|CS|TAMS 0x0000000718600000, 0x0000000718600000| Complete 
| 196|0x0000000718800000, 0x0000000718a00000, 0x0000000718a00000|100%| E|CS|TAMS 0x0000000718800000, 0x0000000718800000| Complete 
| 197|0x0000000718a00000, 0x0000000718c00000, 0x0000000718c00000|100%| E|CS|TAMS 0x0000000718a00000, 0x0000000718a00000| Complete 
| 198|0x0000000718c00000, 0x0000000718e00000, 0x0000000718e00000|100%| E|CS|TAMS 0x0000000718c00000, 0x0000000718c00000| Complete 
| 199|0x0000000718e00000, 0x0000000719000000, 0x0000000719000000|100%| E|CS|TAMS 0x0000000718e00000, 0x0000000718e00000| Complete 
| 200|0x0000000719000000, 0x0000000719000000, 0x0000000719200000|  0%| F|  |TAMS 0x0000000719000000, 0x0000000719000000| Untracked 
| 201|0x0000000719200000, 0x0000000719200000, 0x0000000719400000|  0%| F|  |TAMS 0x0000000719200000, 0x0000000719200000| Untracked 
| 202|0x0000000719400000, 0x0000000719400000, 0x0000000719600000|  0%| F|  |TAMS 0x0000000719400000, 0x0000000719400000| Untracked 
| 203|0x0000000719600000, 0x0000000719600000, 0x0000000719800000|  0%| F|  |TAMS 0x0000000719600000, 0x0000000719600000| Untracked 
| 204|0x0000000719800000, 0x0000000719800000, 0x0000000719a00000|  0%| F|  |TAMS 0x0000000719800000, 0x0000000719800000| Untracked 
| 205|0x0000000719a00000, 0x0000000719a00000, 0x0000000719c00000|  0%| F|  |TAMS 0x0000000719a00000, 0x0000000719a00000| Untracked 
| 206|0x0000000719c00000, 0x0000000719c00000, 0x0000000719e00000|  0%| F|  |TAMS 0x0000000719c00000, 0x0000000719c00000| Untracked 
| 207|0x0000000719e00000, 0x0000000719e00000, 0x000000071a000000|  0%| F|  |TAMS 0x0000000719e00000, 0x0000000719e00000| Untracked 
| 208|0x000000071a000000, 0x000000071a000000, 0x000000071a200000|  0%| F|  |TAMS 0x000000071a000000, 0x000000071a000000| Untracked 
| 209|0x000000071a200000, 0x000000071a200000, 0x000000071a400000|  0%| F|  |TAMS 0x000000071a200000, 0x000000071a200000| Untracked 
| 210|0x000000071a400000, 0x000000071a400000, 0x000000071a600000|  0%| F|  |TAMS 0x000000071a400000, 0x000000071a400000| Untracked 
| 211|0x000000071a600000, 0x000000071a600000, 0x000000071a800000|  0%| F|  |TAMS 0x000000071a600000, 0x000000071a600000| Untracked 
| 212|0x000000071a800000, 0x000000071a800000, 0x000000071aa00000|  0%| F|  |TAMS 0x000000071a800000, 0x000000071a800000| Untracked 
| 213|0x000000071aa00000, 0x000000071aa00000, 0x000000071ac00000|  0%| F|  |TAMS 0x000000071aa00000, 0x000000071aa00000| Untracked 
| 214|0x000000071ac00000, 0x000000071ac00000, 0x000000071ae00000|  0%| F|  |TAMS 0x000000071ac00000, 0x000000071ac00000| Untracked 
| 215|0x000000071ae00000, 0x000000071ae00000, 0x000000071b000000|  0%| F|  |TAMS 0x000000071ae00000, 0x000000071ae00000| Untracked 
| 216|0x000000071b000000, 0x000000071b000000, 0x000000071b200000|  0%| F|  |TAMS 0x000000071b000000, 0x000000071b000000| Untracked 
| 217|0x000000071b200000, 0x000000071b200000, 0x000000071b400000|  0%| F|  |TAMS 0x000000071b200000, 0x000000071b200000| Untracked 
| 218|0x000000071b400000, 0x000000071b400000, 0x000000071b600000|  0%| F|  |TAMS 0x000000071b400000, 0x000000071b400000| Untracked 
| 219|0x000000071b600000, 0x000000071b600000, 0x000000071b800000|  0%| F|  |TAMS 0x000000071b600000, 0x000000071b600000| Untracked 
| 220|0x000000071b800000, 0x000000071b800000, 0x000000071ba00000|  0%| F|  |TAMS 0x000000071b800000, 0x000000071b800000| Untracked 
| 221|0x000000071ba00000, 0x000000071ba00000, 0x000000071bc00000|  0%| F|  |TAMS 0x000000071ba00000, 0x000000071ba00000| Untracked 
| 222|0x000000071bc00000, 0x000000071bc00000, 0x000000071be00000|  0%| F|  |TAMS 0x000000071bc00000, 0x000000071bc00000| Untracked 
| 223|0x000000071be00000, 0x000000071be00000, 0x000000071c000000|  0%| F|  |TAMS 0x000000071be00000, 0x000000071be00000| Untracked 
| 224|0x000000071c000000, 0x000000071c000000, 0x000000071c200000|  0%| F|  |TAMS 0x000000071c000000, 0x000000071c000000| Untracked 
| 225|0x000000071c200000, 0x000000071c200000, 0x000000071c400000|  0%| F|  |TAMS 0x000000071c200000, 0x000000071c200000| Untracked 
| 226|0x000000071c400000, 0x000000071c400000, 0x000000071c600000|  0%| F|  |TAMS 0x000000071c400000, 0x000000071c400000| Untracked 
| 227|0x000000071c600000, 0x000000071c600000, 0x000000071c800000|  0%| F|  |TAMS 0x000000071c600000, 0x000000071c600000| Untracked 
| 228|0x000000071c800000, 0x000000071c800000, 0x000000071ca00000|  0%| F|  |TAMS 0x000000071c800000, 0x000000071c800000| Untracked 
| 229|0x000000071ca00000, 0x000000071ca00000, 0x000000071cc00000|  0%| F|  |TAMS 0x000000071ca00000, 0x000000071ca00000| Untracked 
| 230|0x000000071cc00000, 0x000000071cc35300, 0x000000071ce00000| 10%| S|  |TAMS 0x000000071cc00000, 0x000000071cc00000| Complete 
| 231|0x000000071ce00000, 0x000000071d000000, 0x000000071d000000|100%| S|  |TAMS 0x000000071ce00000, 0x000000071ce00000| Complete 
| 232|0x000000071d000000, 0x000000071d200000, 0x000000071d200000|100%| S|  |TAMS 0x000000071d000000, 0x000000071d000000| Complete 
| 233|0x000000071d200000, 0x000000071d400000, 0x000000071d400000|100%| S|  |TAMS 0x000000071d200000, 0x000000071d200000| Complete 
| 234|0x000000071d400000, 0x000000071d600000, 0x000000071d600000|100%| E|CS|TAMS 0x000000071d400000, 0x000000071d400000| Complete 
| 235|0x000000071d600000, 0x000000071d800000, 0x000000071d800000|100%| E|CS|TAMS 0x000000071d600000, 0x000000071d600000| Complete 
| 236|0x000000071d800000, 0x000000071da00000, 0x000000071da00000|100%| E|CS|TAMS 0x000000071d800000, 0x000000071d800000| Complete 
| 237|0x000000071da00000, 0x000000071dc00000, 0x000000071dc00000|100%| E|CS|TAMS 0x000000071da00000, 0x000000071da00000| Complete 
| 238|0x000000071dc00000, 0x000000071de00000, 0x000000071de00000|100%| E|CS|TAMS 0x000000071dc00000, 0x000000071dc00000| Complete 
| 239|0x000000071de00000, 0x000000071e000000, 0x000000071e000000|100%| E|CS|TAMS 0x000000071de00000, 0x000000071de00000| Complete 
| 240|0x000000071e000000, 0x000000071e200000, 0x000000071e200000|100%| E|CS|TAMS 0x000000071e000000, 0x000000071e000000| Complete 
| 241|0x000000071e200000, 0x000000071e400000, 0x000000071e400000|100%| E|CS|TAMS 0x000000071e200000, 0x000000071e200000| Complete 
| 242|0x000000071e400000, 0x000000071e600000, 0x000000071e600000|100%| E|CS|TAMS 0x000000071e400000, 0x000000071e400000| Complete 
| 243|0x000000071e600000, 0x000000071e800000, 0x000000071e800000|100%| E|CS|TAMS 0x000000071e600000, 0x000000071e600000| Complete 
| 244|0x000000071e800000, 0x000000071ea00000, 0x000000071ea00000|100%| E|CS|TAMS 0x000000071e800000, 0x000000071e800000| Complete 
| 245|0x000000071ea00000, 0x000000071ec00000, 0x000000071ec00000|100%| E|CS|TAMS 0x000000071ea00000, 0x000000071ea00000| Complete 
| 246|0x000000071ec00000, 0x000000071ee00000, 0x000000071ee00000|100%| E|CS|TAMS 0x000000071ec00000, 0x000000071ec00000| Complete 
| 247|0x000000071ee00000, 0x000000071f000000, 0x000000071f000000|100%| E|CS|TAMS 0x000000071ee00000, 0x000000071ee00000| Complete 
| 248|0x000000071f000000, 0x000000071f200000, 0x000000071f200000|100%| E|CS|TAMS 0x000000071f000000, 0x000000071f000000| Complete 

Card table byte_map: [0x0000017760fa0000,0x00000177617a0000] _byte_map_base: 0x000001775d7a0000

Marking Bits (Prev, Next): (CMBitMap*) 0x000001774996e550, (CMBitMap*) 0x000001774996e590
 Prev Bits: [0x0000017761fa0000, 0x0000017765fa0000)
 Next Bits: [0x0000017765fa0000, 0x0000017769fa0000)

Polling page: 0x0000017747b50000

Metaspace:

Usage:
  Non-class:    114.96 MB used.
      Class:     18.05 MB used.
       Both:    133.01 MB used.

Virtual space:
  Non-class space:      128.00 MB reserved,     115.75 MB ( 90%) committed,  2 nodes.
      Class space:        1.00 GB reserved,      18.81 MB (  2%) committed,  1 nodes.
             Both:        1.12 GB reserved,     134.56 MB ( 12%) committed. 

Chunk freelists:
   Non-Class:  11.58 MB
       Class:  13.17 MB
        Both:  24.75 MB

MaxMetaspaceSize: unlimited
CompressedClassSpaceSize: 1.00 GB
Initial GC threshold: 21.00 MB
Current GC threshold: 223.38 MB
CDS: on
MetaspaceReclaimPolicy: balanced
 - commit_granule_bytes: 65536.
 - commit_granule_words: 8192.
 - virtual_space_node_default_size: 8388608.
 - enlarge_chunks_in_place: 1.
 - new_chunks_are_fully_committed: 0.
 - uncommit_free_chunks: 1.
 - use_allocation_guard: 0.
 - handle_deallocations: 1.


Internal statistics:

num_allocs_failed_limit: 9.
num_arena_births: 2380.
num_arena_deaths: 148.
num_vsnodes_births: 3.
num_vsnodes_deaths: 0.
num_space_committed: 2152.
num_space_uncommitted: 0.
num_chunks_returned_to_freelist: 219.
num_chunks_taken_from_freelist: 8905.
num_chunk_merges: 78.
num_chunk_splits: 5467.
num_chunks_enlarged: 3232.
num_inconsistent_stats: 0.

CodeHeap 'non-profiled nmethods': size=120000Kb used=11789Kb max_used=12389Kb free=108210Kb
 bounds [0x0000017758f40000, 0x0000017759b60000, 0x0000017760470000]
CodeHeap 'profiled nmethods': size=120000Kb used=37359Kb max_used=37423Kb free=82640Kb
 bounds [0x0000017751470000, 0x0000017753900000, 0x00000177589a0000]
CodeHeap 'non-nmethods': size=5760Kb used=2496Kb max_used=2545Kb free=3263Kb
 bounds [0x00000177589a0000, 0x0000017758c30000, 0x0000017758f40000]
 total_blobs=20101 nmethods=19057 adapters=954
 compilation: enabled
              stopped_count=0, restarted_count=0
 full_count=0

Compilation events (20 events):
Event: 236.475 Thread 0x000001776c9e2c10 22928       3       com.android.tools.r8.graph.x2::c (62 bytes)
Event: 236.476 Thread 0x000001776c9e2c10 nmethod 22928 0x000001775155ee10 code [0x000001775155f060, 0x000001775155fb28]
Event: 236.481 Thread 0x000001776c9e2c10 22930   !   3       com.sun.tools.javac.file.Locations::getPath (22 bytes)
Event: 236.481 Thread 0x000001776c9e2c10 nmethod 22930 0x0000017752bfeb90 code [0x0000017752bfed60, 0x0000017752bff018]
Event: 236.482 Thread 0x000001776c9e2c10 22931       3       com.sun.tools.javac.file.Locations$$Lambda$2623/0x00000177021104e8::getPath (6 bytes)
Event: 236.482 Thread 0x000001776c9e2c10 nmethod 22931 0x0000017752bfe290 code [0x0000017752bfe480, 0x0000017752bfe968]
Event: 236.494 Thread 0x000001776c9e2c10 22936       3       com.android.tools.r8.graph.I2::c (45 bytes)
Event: 236.495 Thread 0x000001776c9e2c10 nmethod 22936 0x0000017752bfdb90 code [0x0000017752bfdd60, 0x0000017752bfe188]
Event: 236.495 Thread 0x000001776c9e2c10 22935       3       com.android.tools.r8.graph.J2::c (24 bytes)
Event: 236.496 Thread 0x000001776c9e2c10 nmethod 22935 0x0000017752bfd410 code [0x0000017752bfd5e0, 0x0000017752bfda88]
Event: 236.504 Thread 0x000001776c9e2c10 22937       3       com.sun.tools.javac.file.CacheFSInfo$$Lambda$2653/0x00000177021250a8::apply (12 bytes)
Event: 236.505 Thread 0x000001776c9e2c10 nmethod 22937 0x0000017752bfc990 code [0x0000017752bfcb80, 0x0000017752bfd1a8]
Event: 236.536 Thread 0x000001776c9e2c10 22940       3       org.gradle.api.internal.tasks.compile.incremental.deps.IntSetSerializer::read (54 bytes)
Event: 236.537 Thread 0x000001776c9e2c10 nmethod 22940 0x0000017752bfc090 code [0x0000017752bfc2a0, 0x0000017752bfc798]
Event: 236.613 Thread 0x000001776c9e2c10 22941       3       com.sun.tools.javac.main.Option::lookup (41 bytes)
Event: 236.614 Thread 0x000001776c9e2c10 nmethod 22941 0x0000017751d24d10 code [0x0000017751d24f00, 0x0000017751d25538]
Event: 236.704 Thread 0x000001776c9e2c10 22944       3       org.gradle.api.specs.OrSpec::isSatisfiedBy (55 bytes)
Event: 236.705 Thread 0x000001776c9e2c10 nmethod 22944 0x0000017752bfb910 code [0x0000017752bfbae0, 0x0000017752bfbf08]
Event: 236.713 Thread 0x000001776c9e2c10 22946       3       org.gradle.api.internal.file.AttributeBasedFileVisitDetails::<init> (18 bytes)
Event: 236.714 Thread 0x000001776c9e2c10 nmethod 22946 0x0000017751d24910 code [0x0000017751d24ac0, 0x0000017751d24c68]

GC Heap History (20 events):
Event: 203.278 GC heap before
{Heap before GC invocations=55 (full 0):
 garbage-first heap   total 405504K, used 318137K [0x0000000700000000, 0x0000000800000000)
  region size 2048K, 82 young (167936K), 10 survivors (20480K)
 Metaspace       used 102874K, committed 104000K, reserved 1179648K
  class space    used 14329K, committed 14848K, reserved 1048576K
}
Event: 203.318 GC heap after
{Heap after GC invocations=56 (full 0):
 garbage-first heap   total 405504K, used 186550K [0x0000000700000000, 0x0000000800000000)
  region size 2048K, 8 young (16384K), 8 survivors (16384K)
 Metaspace       used 102874K, committed 104000K, reserved 1179648K
  class space    used 14329K, committed 14848K, reserved 1048576K
}
Event: 205.596 GC heap before
{Heap before GC invocations=56 (full 0):
 garbage-first heap   total 405504K, used 319670K [0x0000000700000000, 0x0000000800000000)
  region size 2048K, 74 young (151552K), 8 survivors (16384K)
 Metaspace       used 103325K, committed 104448K, reserved 1179648K
  class space    used 14385K, committed 14912K, reserved 1048576K
}
Event: 205.628 GC heap after
{Heap after GC invocations=57 (full 0):
 garbage-first heap   total 405504K, used 194022K [0x0000000700000000, 0x0000000800000000)
  region size 2048K, 5 young (10240K), 5 survivors (10240K)
 Metaspace       used 103325K, committed 104448K, reserved 1179648K
  class space    used 14385K, committed 14912K, reserved 1048576K
}
Event: 211.049 GC heap before
{Heap before GC invocations=57 (full 0):
 garbage-first heap   total 405504K, used 327142K [0x0000000700000000, 0x0000000800000000)
  region size 2048K, 70 young (143360K), 5 survivors (10240K)
 Metaspace       used 111018K, committed 112256K, reserved 1179648K
  class space    used 15410K, committed 16000K, reserved 1048576K
}
Event: 211.089 GC heap after
{Heap after GC invocations=58 (full 0):
 garbage-first heap   total 405504K, used 208608K [0x0000000700000000, 0x0000000800000000)
  region size 2048K, 8 young (16384K), 8 survivors (16384K)
 Metaspace       used 111018K, committed 112256K, reserved 1179648K
  class space    used 15410K, committed 16000K, reserved 1048576K
}
Event: 216.412 GC heap before
{Heap before GC invocations=58 (full 0):
 garbage-first heap   total 405504K, used 325344K [0x0000000700000000, 0x0000000800000000)
  region size 2048K, 66 young (135168K), 8 survivors (16384K)
 Metaspace       used 116581K, committed 118016K, reserved 1179648K
  class space    used 16075K, committed 16768K, reserved 1048576K
}
Event: 216.456 GC heap after
{Heap after GC invocations=59 (full 0):
 garbage-first heap   total 405504K, used 217022K [0x0000000700000000, 0x0000000800000000)
  region size 2048K, 5 young (10240K), 5 survivors (10240K)
 Metaspace       used 116581K, committed 118016K, reserved 1179648K
  class space    used 16075K, committed 16768K, reserved 1048576K
}
Event: 220.278 GC heap before
{Heap before GC invocations=59 (full 0):
 garbage-first heap   total 405504K, used 335806K [0x0000000700000000, 0x0000000800000000)
  region size 2048K, 61 young (124928K), 5 survivors (10240K)
 Metaspace       used 119752K, committed 121280K, reserved 1179648K
  class space    used 16468K, committed 17216K, reserved 1048576K
}
Event: 220.322 GC heap after
{Heap after GC invocations=60 (full 0):
 garbage-first heap   total 405504K, used 226228K [0x0000000700000000, 0x0000000800000000)
  region size 2048K, 8 young (16384K), 8 survivors (16384K)
 Metaspace       used 119752K, committed 121280K, reserved 1179648K
  class space    used 16468K, committed 17216K, reserved 1048576K
}
Event: 225.238 GC heap before
{Heap before GC invocations=61 (full 0):
 garbage-first heap   total 409600K, used 342964K [0x0000000700000000, 0x0000000800000000)
  region size 2048K, 62 young (126976K), 8 survivors (16384K)
 Metaspace       used 127766K, committed 129408K, reserved 1179648K
  class space    used 17509K, committed 18304K, reserved 1048576K
}
Event: 225.310 GC heap after
{Heap after GC invocations=62 (full 0):
 garbage-first heap   total 409600K, used 239195K [0x0000000700000000, 0x0000000800000000)
  region size 2048K, 7 young (14336K), 7 survivors (14336K)
 Metaspace       used 127766K, committed 129408K, reserved 1179648K
  class space    used 17509K, committed 18304K, reserved 1048576K
}
Event: 225.541 GC heap before
{Heap before GC invocations=62 (full 0):
 garbage-first heap   total 409600K, used 247387K [0x0000000700000000, 0x0000000800000000)
  region size 2048K, 10 young (20480K), 7 survivors (14336K)
 Metaspace       used 128260K, committed 129856K, reserved 1179648K
  class space    used 17549K, committed 18304K, reserved 1048576K
}
Event: 225.587 GC heap after
{Heap after GC invocations=63 (full 0):
 garbage-first heap   total 409600K, used 241703K [0x0000000700000000, 0x0000000800000000)
  region size 2048K, 2 young (4096K), 2 survivors (4096K)
 Metaspace       used 128260K, committed 129856K, reserved 1179648K
  class space    used 17549K, committed 18304K, reserved 1048576K
}
Event: 228.077 GC heap before
{Heap before GC invocations=63 (full 0):
 garbage-first heap   total 409600K, used 342055K [0x0000000700000000, 0x0000000800000000)
  region size 2048K, 49 young (100352K), 2 survivors (4096K)
 Metaspace       used 131813K, committed 133376K, reserved 1179648K
  class space    used 18031K, committed 18752K, reserved 1048576K
}
Event: 228.108 GC heap after
{Heap after GC invocations=64 (full 0):
 garbage-first heap   total 409600K, used 267238K [0x0000000700000000, 0x0000000800000000)
  region size 2048K, 7 young (14336K), 7 survivors (14336K)
 Metaspace       used 131813K, committed 133376K, reserved 1179648K
  class space    used 18031K, committed 18752K, reserved 1048576K
}
Event: 231.158 GC heap before
{Heap before GC invocations=64 (full 0):
 garbage-first heap   total 409600K, used 334822K [0x0000000700000000, 0x0000000800000000)
  region size 2048K, 41 young (83968K), 7 survivors (14336K)
 Metaspace       used 133859K, committed 135488K, reserved 1179648K
  class space    used 18182K, committed 18944K, reserved 1048576K
}
Event: 231.213 GC heap after
{Heap after GC invocations=65 (full 0):
 garbage-first heap   total 409600K, used 273393K [0x0000000700000000, 0x0000000800000000)
  region size 2048K, 6 young (12288K), 6 survivors (12288K)
 Metaspace       used 133859K, committed 135488K, reserved 1179648K
  class space    used 18182K, committed 18944K, reserved 1048576K
}
Event: 232.740 GC heap before
{Heap before GC invocations=65 (full 0):
 garbage-first heap   total 409600K, used 336881K [0x0000000700000000, 0x0000000800000000)
  region size 2048K, 38 young (77824K), 6 survivors (12288K)
 Metaspace       used 134893K, committed 136576K, reserved 1179648K
  class space    used 18308K, committed 19136K, reserved 1048576K
}
Event: 232.797 GC heap after
{Heap after GC invocations=66 (full 0):
 garbage-first heap   total 409600K, used 281941K [0x0000000700000000, 0x0000000800000000)
  region size 2048K, 5 young (10240K), 5 survivors (10240K)
 Metaspace       used 134893K, committed 136576K, reserved 1179648K
  class space    used 18308K, committed 19136K, reserved 1048576K
}

Dll operation events (15 events):
Event: 0.230 Loaded shared library C:\Program Files\Microsoft\jdk-17.0.17.10-hotspot\bin\java.dll
Event: 0.391 Loaded shared library C:\Program Files\Microsoft\jdk-17.0.17.10-hotspot\bin\jsvml.dll
Event: 0.882 Loaded shared library C:\Program Files\Microsoft\jdk-17.0.17.10-hotspot\bin\zip.dll
Event: 0.902 Loaded shared library C:\Program Files\Microsoft\jdk-17.0.17.10-hotspot\bin\instrument.dll
Event: 0.956 Loaded shared library C:\Program Files\Microsoft\jdk-17.0.17.10-hotspot\bin\net.dll
Event: 0.975 Loaded shared library C:\Program Files\Microsoft\jdk-17.0.17.10-hotspot\bin\nio.dll
Event: 0.983 Loaded shared library C:\Program Files\Microsoft\jdk-17.0.17.10-hotspot\bin\zip.dll
Event: 3.593 Loaded shared library C:\Program Files\Microsoft\jdk-17.0.17.10-hotspot\bin\jimage.dll
Event: 5.243 Loaded shared library C:\Program Files\Microsoft\jdk-17.0.17.10-hotspot\bin\verify.dll
Event: 6.089 Loaded shared library C:\Users\ZhuanZ2\.gradle\native\1def1411415f61bf3af743bc5b6707747c0891f09f0c88961ee8f79bc544acac\windows-amd64\native-platform.dll
Event: 6.162 Loaded shared library C:\Users\ZhuanZ2\.gradle\native\0.2.7\x86_64-windows-gnu\gradle-fileevents.dll
Event: 22.788 Loaded shared library C:\Program Files\Microsoft\jdk-17.0.17.10-hotspot\bin\management.dll
Event: 22.810 Loaded shared library C:\Program Files\Microsoft\jdk-17.0.17.10-hotspot\bin\management_ext.dll
Event: 25.435 Loaded shared library C:\Program Files\Microsoft\jdk-17.0.17.10-hotspot\bin\extnet.dll
Event: 30.539 Loaded shared library C:\Program Files\Microsoft\jdk-17.0.17.10-hotspot\bin\sunmscapi.dll

Deoptimization events (20 events):
Event: 235.337 Thread 0x00000177731e5000 DEOPT PACKING pc=0x00000177592ee590 sp=0x00000060338f8e90
Event: 235.337 Thread 0x00000177731e5000 DEOPT UNPACKING pc=0x00000177589f69a3 sp=0x00000060338f8e38 mode 2
Event: 235.338 Thread 0x00000177731e5000 Uncommon trap: trap_request=0xffffff45 fr.pc=0x00000177594f3d34 relative=0x0000000000002354
Event: 235.339 Thread 0x00000177731e5000 Uncommon trap: reason=unstable_if action=reinterpret pc=0x00000177594f3d34 method=com.google.common.collect.MapMakerInternalMap$Segment.put(Ljava/lang/Object;ILjava/lang/Object;Z)Ljava/lang/Object; @ 92 c2
Event: 235.339 Thread 0x00000177731e5000 DEOPT PACKING pc=0x00000177594f3d34 sp=0x00000060338f8f60
Event: 235.339 Thread 0x00000177731e5000 DEOPT UNPACKING pc=0x00000177589f69a3 sp=0x00000060338f8ea0 mode 2
Event: 235.689 Thread 0x00000177719578e0 DEOPT PACKING pc=0x00000177538404c9 sp=0x00000060315fe760
Event: 235.689 Thread 0x00000177719578e0 DEOPT UNPACKING pc=0x00000177589f7143 sp=0x00000060315fdc00 mode 0
Event: 236.399 Thread 0x00000177731e91d0 Uncommon trap: trap_request=0xffffff45 fr.pc=0x000001775972c4d0 relative=0x00000000000001b0
Event: 236.399 Thread 0x00000177731e91d0 Uncommon trap: reason=unstable_if action=reinterpret pc=0x000001775972c4d0 method=jdk.internal.util.ArraysSupport.mismatch([B[BI)I @ 60 c2
Event: 236.399 Thread 0x00000177731e91d0 DEOPT PACKING pc=0x000001775972c4d0 sp=0x0000006033bfa420
Event: 236.399 Thread 0x00000177731e91d0 DEOPT UNPACKING pc=0x00000177589f69a3 sp=0x0000006033bfa368 mode 2
Event: 236.399 Thread 0x00000177731e91d0 Uncommon trap: trap_request=0xffffff45 fr.pc=0x0000017759b4f350 relative=0x00000000000001b0
Event: 236.399 Thread 0x00000177731e91d0 Uncommon trap: reason=unstable_if action=reinterpret pc=0x0000017759b4f350 method=jdk.internal.util.ArraysSupport.mismatch([B[BI)I @ 60 c2
Event: 236.399 Thread 0x00000177731e91d0 DEOPT PACKING pc=0x0000017759b4f350 sp=0x0000006033bfa3b0
Event: 236.399 Thread 0x00000177731e91d0 DEOPT UNPACKING pc=0x00000177589f69a3 sp=0x0000006033bfa370 mode 2
Event: 236.480 Thread 0x00000177731e5a20 Uncommon trap: trap_request=0xffffff45 fr.pc=0x0000017759af5fe4 relative=0x00000000000031e4
Event: 236.480 Thread 0x00000177731e5a20 Uncommon trap: reason=unstable_if action=reinterpret pc=0x0000017759af5fe4 method=java.util.regex.Pattern.split(Ljava/lang/CharSequence;I)[Ljava/lang/String; @ 230 c2
Event: 236.480 Thread 0x00000177731e5a20 DEOPT PACKING pc=0x0000017759af5fe4 sp=0x0000006033cf97d0
Event: 236.480 Thread 0x00000177731e5a20 DEOPT UNPACKING pc=0x00000177589f69a3 sp=0x0000006033cf97d8 mode 2

Classes loaded (20 events):
Event: 227.317 Loading class sun/net/util/SocketExceptions
Event: 227.318 Loading class sun/net/util/SocketExceptions done
Event: 227.702 Loading class java/text/BreakIterator
Event: 227.706 Loading class java/text/BreakIterator done
Event: 227.755 Loading class java/util/function/ToIntBiFunction
Event: 227.755 Loading class java/util/function/ToIntBiFunction done
Event: 227.760 Loading class java/nio/file/Path$1
Event: 227.760 Loading class java/nio/file/Path$1 done
Event: 227.985 Loading class java/lang/ProcessBuilder$NullInputStream
Event: 227.986 Loading class java/lang/ProcessBuilder$NullInputStream done
Event: 227.987 Loading class java/util/concurrent/Semaphore$NonfairSync
Event: 227.990 Loading class java/util/concurrent/Semaphore$Sync
Event: 227.990 Loading class java/util/concurrent/Semaphore$Sync done
Event: 227.990 Loading class java/util/concurrent/Semaphore$NonfairSync done
Event: 229.344 Loading class java/util/EnumMap$Values
Event: 229.349 Loading class java/util/EnumMap$Values done
Event: 229.349 Loading class java/util/EnumMap$ValueIterator
Event: 229.350 Loading class java/util/EnumMap$ValueIterator done
Event: 230.345 Loading class java/util/Collections$UnmodifiableSortedMap
Event: 230.346 Loading class java/util/Collections$UnmodifiableSortedMap done

Classes unloaded (20 events):
Event: 234.045 Thread 0x000001776c9b44d0 Unloading class 0x0000017701fe1c00 'java/lang/invoke/LambdaForm$MH+0x0000017701fe1c00'
Event: 234.045 Thread 0x000001776c9b44d0 Unloading class 0x0000017701fe1800 'java/lang/invoke/LambdaForm$MH+0x0000017701fe1800'
Event: 234.045 Thread 0x000001776c9b44d0 Unloading class 0x0000017701fe1400 'java/lang/invoke/LambdaForm$MH+0x0000017701fe1400'
Event: 234.045 Thread 0x000001776c9b44d0 Unloading class 0x0000017701fe1000 'java/lang/invoke/LambdaForm$MH+0x0000017701fe1000'
Event: 234.045 Thread 0x000001776c9b44d0 Unloading class 0x0000017701fe0400 'java/lang/invoke/LambdaForm$MH+0x0000017701fe0400'
Event: 234.045 Thread 0x000001776c9b44d0 Unloading class 0x0000017701fe0000 'java/lang/invoke/LambdaForm$MH+0x0000017701fe0000'
Event: 234.045 Thread 0x000001776c9b44d0 Unloading class 0x0000017701fdf800 'java/lang/invoke/LambdaForm$MH+0x0000017701fdf800'
Event: 234.045 Thread 0x000001776c9b44d0 Unloading class 0x0000017701fdfc00 'java/lang/invoke/LambdaForm$MH+0x0000017701fdfc00'
Event: 234.045 Thread 0x000001776c9b44d0 Unloading class 0x0000017701fdf400 'java/lang/invoke/LambdaForm$MH+0x0000017701fdf400'
Event: 234.045 Thread 0x000001776c9b44d0 Unloading class 0x0000017701fdec00 'java/lang/invoke/LambdaForm$MH+0x0000017701fdec00'
Event: 234.045 Thread 0x000001776c9b44d0 Unloading class 0x0000017701fde800 'java/lang/invoke/LambdaForm$MH+0x0000017701fde800'
Event: 234.045 Thread 0x000001776c9b44d0 Unloading class 0x0000017701fde400 'java/lang/invoke/LambdaForm$MH+0x0000017701fde400'
Event: 234.045 Thread 0x000001776c9b44d0 Unloading class 0x0000017701fddc00 'java/lang/invoke/LambdaForm$MH+0x0000017701fddc00'
Event: 234.045 Thread 0x000001776c9b44d0 Unloading class 0x0000017701fde000 'java/lang/invoke/LambdaForm$MH+0x0000017701fde000'
Event: 234.045 Thread 0x000001776c9b44d0 Unloading class 0x0000017701fdd400 'java/lang/invoke/LambdaForm$MH+0x0000017701fdd400'
Event: 234.045 Thread 0x000001776c9b44d0 Unloading class 0x0000017701fdd000 'java/lang/invoke/LambdaForm$MH+0x0000017701fdd000'
Event: 234.045 Thread 0x000001776c9b44d0 Unloading class 0x0000017701fdc000 'java/lang/invoke/LambdaForm$MH+0x0000017701fdc000'
Event: 234.045 Thread 0x000001776c9b44d0 Unloading class 0x0000017701fdc400 'java/lang/invoke/LambdaForm$MH+0x0000017701fdc400'
Event: 234.045 Thread 0x000001776c9b44d0 Unloading class 0x0000017701fdcc00 'java/lang/invoke/LambdaForm$MH+0x0000017701fdcc00'
Event: 234.045 Thread 0x000001776c9b44d0 Unloading class 0x0000017701fdc800 'java/lang/invoke/LambdaForm$MH+0x0000017701fdc800'

Classes redefined (0 events):
No events

Internal exceptions (20 events):
Event: 232.020 Thread 0x00000177731e91d0 Exception <a 'sun/nio/fs/WindowsException'{0x0000000716818a38}> (0x0000000716818a38) 
thrown [s\src\hotspot\share\prims\jni.cpp, line 516]
Event: 232.020 Thread 0x00000177731e91d0 Exception <a 'sun/nio/fs/WindowsException'{0x0000000716818ba8}> (0x0000000716818ba8) 
thrown [s\src\hotspot\share\prims\jni.cpp, line 516]
Event: 232.025 Thread 0x000001777568ee60 Exception <a 'sun/nio/fs/WindowsException'{0x0000000716821d58}> (0x0000000716821d58) 
thrown [s\src\hotspot\share\prims\jni.cpp, line 516]
Event: 232.026 Thread 0x000001777568ee60 Exception <a 'sun/nio/fs/WindowsException'{0x0000000716821f58}> (0x0000000716821f58) 
thrown [s\src\hotspot\share\prims\jni.cpp, line 516]
Event: 232.026 Thread 0x000001777568ee60 Exception <a 'sun/nio/fs/WindowsException'{0x00000007168220f8}> (0x00000007168220f8) 
thrown [s\src\hotspot\share\prims\jni.cpp, line 516]
Event: 232.924 Thread 0x00000177731ea100 Exception <a 'sun/nio/fs/WindowsException'{0x0000000718c76390}> (0x0000000718c76390) 
thrown [s\src\hotspot\share\prims\jni.cpp, line 516]
Event: 232.925 Thread 0x00000177731ea100 Exception <a 'sun/nio/fs/WindowsException'{0x0000000718c77260}> (0x0000000718c77260) 
thrown [s\src\hotspot\share\prims\jni.cpp, line 516]
Event: 232.925 Thread 0x00000177731ea100 Exception <a 'sun/nio/fs/WindowsException'{0x0000000718c773f8}> (0x0000000718c773f8) 
thrown [s\src\hotspot\share\prims\jni.cpp, line 516]
Event: 232.940 Thread 0x000001777de3f440 Exception <a 'sun/nio/fs/WindowsException'{0x0000000718cdda50}> (0x0000000718cdda50) 
thrown [s\src\hotspot\share\prims\jni.cpp, line 516]
Event: 232.942 Thread 0x000001777de3f440 Exception <a 'sun/nio/fs/WindowsException'{0x0000000718cddc88}> (0x0000000718cddc88) 
thrown [s\src\hotspot\share\prims\jni.cpp, line 516]
Event: 232.942 Thread 0x000001777de3f440 Exception <a 'sun/nio/fs/WindowsException'{0x0000000718cdde50}> (0x0000000718cdde50) 
thrown [s\src\hotspot\share\prims\jni.cpp, line 516]
Event: 233.378 Thread 0x00000177731e8cc0 Exception <a 'sun/nio/fs/WindowsException'{0x0000000718fee948}> (0x0000000718fee948) 
thrown [s\src\hotspot\share\prims\jni.cpp, line 516]
Event: 233.379 Thread 0x00000177731e8cc0 Exception <a 'sun/nio/fs/WindowsException'{0x0000000718fefba8}> (0x0000000718fefba8) 
thrown [s\src\hotspot\share\prims\jni.cpp, line 516]
Event: 233.381 Thread 0x00000177731e8cc0 Exception <a 'sun/nio/fs/WindowsException'{0x0000000718ff0c08}> (0x0000000718ff0c08) 
thrown [s\src\hotspot\share\prims\jni.cpp, line 516]
Event: 233.383 Thread 0x00000177731e8cc0 Exception <a 'sun/nio/fs/WindowsException'{0x0000000718ff1e28}> (0x0000000718ff1e28) 
thrown [s\src\hotspot\share\prims\jni.cpp, line 516]
Event: 233.384 Thread 0x00000177731e8cc0 Exception <a 'sun/nio/fs/WindowsException'{0x0000000718ff3030}> (0x0000000718ff3030) 
thrown [s\src\hotspot\share\prims\jni.cpp, line 516]
Event: 233.384 Thread 0x00000177731e8cc0 Exception <a 'sun/nio/fs/WindowsException'{0x0000000718ff4220}> (0x0000000718ff4220) 
thrown [s\src\hotspot\share\prims\jni.cpp, line 516]
Event: 233.460 Thread 0x00000177731e8cc0 Exception <a 'sun/nio/fs/WindowsException'{0x0000000718260a50}> (0x0000000718260a50) 
thrown [s\src\hotspot\share\prims\jni.cpp, line 516]
Event: 233.777 Thread 0x00000177731e8cc0 Exception <a 'sun/nio/fs/WindowsException'{0x0000000717e31a50}> (0x0000000717e31a50) 
thrown [s\src\hotspot\share\prims\jni.cpp, line 516]
Event: 234.910 Thread 0x00000177731e8cc0 Exception <a 'sun/nio/fs/WindowsException'{0x0000000717d33fc0}> (0x0000000717d33fc0) 
thrown [s\src\hotspot\share\prims\jni.cpp, line 516]

VM Operations (20 events):
Event: 233.630 Executing VM operation: HandshakeAllThreads
Event: 233.649 Executing VM operation: HandshakeAllThreads done
Event: 233.649 Executing VM operation: HandshakeAllThreads
Event: 233.679 Executing VM operation: HandshakeAllThreads done
Event: 233.742 Executing VM operation: ICBufferFull
Event: 233.743 Executing VM operation: ICBufferFull done
Event: 233.999 Executing VM operation: G1PauseRemark
Event: 234.548 Executing VM operation: G1PauseRemark done
Event: 235.020 Executing VM operation: G1PauseCleanup
Event: 235.109 Executing VM operation: G1PauseCleanup done
Event: 235.479 Executing VM operation: HandshakeAllThreads
Event: 235.525 Executing VM operation: HandshakeAllThreads done
Event: 235.525 Executing VM operation: HandshakeAllThreads
Event: 235.589 Executing VM operation: HandshakeAllThreads done
Event: 236.166 Executing VM operation: ICBufferFull
Event: 236.167 Executing VM operation: ICBufferFull done
Event: 236.167 Executing VM operation: ICBufferFull
Event: 236.167 Executing VM operation: ICBufferFull done
Event: 237.167 Executing VM operation: Cleanup
Event: 237.167 Executing VM operation: Cleanup done

Memory protections (0 events):
No events

Nmethod flushes (20 events):
Event: 235.715 Thread 0x000001776ca30080 flushing  nmethod 0x0000017753469f90
Event: 235.715 Thread 0x000001776ca30080 flushing  nmethod 0x0000017753484e10
Event: 235.715 Thread 0x000001776ca30080 flushing  nmethod 0x0000017753486c90
Event: 235.715 Thread 0x000001776ca30080 flushing  nmethod 0x0000017753492790
Event: 235.715 Thread 0x000001776ca30080 flushing  nmethod 0x00000177534a6590
Event: 235.715 Thread 0x000001776ca30080 flushing  nmethod 0x00000177534a6c90
Event: 235.715 Thread 0x000001776ca30080 flushing  nmethod 0x00000177534a7190
Event: 235.716 Thread 0x000001776ca30080 flushing  nmethod 0x00000177534af710
Event: 235.716 Thread 0x000001776ca30080 flushing  nmethod 0x00000177534d0c10
Event: 235.716 Thread 0x000001776ca30080 flushing  nmethod 0x00000177534dc590
Event: 235.716 Thread 0x000001776ca30080 flushing  nmethod 0x00000177534dd510
Event: 235.716 Thread 0x000001776ca30080 flushing  nmethod 0x00000177534ed110
Event: 235.717 Thread 0x000001776ca30080 flushing  nmethod 0x0000017753508c10
Event: 235.717 Thread 0x000001776ca30080 flushing  nmethod 0x000001775352c290
Event: 235.717 Thread 0x000001776ca30080 flushing  nmethod 0x0000017753539010
Event: 235.717 Thread 0x000001776ca30080 flushing  nmethod 0x0000017753539e90
Event: 235.717 Thread 0x000001776ca30080 flushing  nmethod 0x000001775353c390
Event: 235.717 Thread 0x000001776ca30080 flushing  nmethod 0x000001775353c710
Event: 235.717 Thread 0x000001776ca30080 flushing  nmethod 0x0000017753550e90
Event: 235.717 Thread 0x000001776ca30080 flushing  nmethod 0x0000017753551710

Events (20 events):
Event: 216.349 Thread 0x000001777de40880 Thread exited: 0x000001777de40880
Event: 216.740 Thread 0x000001777c49d6a0 Thread exited: 0x000001777c49d6a0
Event: 218.143 Thread 0x00000177731e96e0 Thread added: 0x000001777c49eae0
Event: 220.406 Thread 0x00000177756907b0 Thread exited: 0x00000177756907b0
Event: 222.243 Thread 0x00000177731e5a20 Thread added: 0x000001777c49cc80
Event: 226.491 Thread 0x00000177731e96e0 Thread added: 0x000001777c4a0940
Event: 228.266 Thread 0x000001777de41cc0 Thread added: 0x000001777c4a1870
Event: 228.507 Thread 0x000001777c49dbb0 Thread exited: 0x000001777c49dbb0
Event: 228.510 Thread 0x000001777c49b330 Thread exited: 0x000001777c49b330
Event: 228.654 Thread 0x000001777c49eae0 Thread exited: 0x000001777c49eae0
Event: 230.052 Thread 0x00000177731e5000 Thread added: 0x000001777c49dbb0
Event: 230.053 Thread 0x00000177731e5000 Thread added: 0x000001777c49eae0
Event: 230.053 Thread 0x00000177731e5000 Thread added: 0x000001777c49b330
Event: 230.053 Thread 0x00000177731e5000 Thread added: 0x000001777c4a1d80
Event: 230.054 Thread 0x00000177731e5000 Thread added: 0x00000177747ccd00
Event: 230.054 Thread 0x00000177731e5000 Thread added: 0x000001777de40880
Event: 230.054 Thread 0x00000177731e5000 Thread added: 0x0000017773367b40
Event: 230.830 Thread 0x00000177731ea100 Thread added: 0x0000017776566960
Event: 231.941 Thread 0x00000177731e96e0 Thread added: 0x0000017776568cd0
Event: 231.986 Thread 0x00000177731e5a20 Thread added: 0x0000017776567da0


Dynamic libraries:
0x00007ff6fdf50000 - 0x00007ff6fdf5e000 	C:\Program Files\Microsoft\jdk-17.0.17.10-hotspot\bin\java.exe
0x00007ff98fee0000 - 0x00007ff990147000 	C:\WINDOWS\SYSTEM32\ntdll.dll
0x00007ff98dcb0000 - 0x00007ff98dd79000 	C:\WINDOWS\System32\KERNEL32.DLL
0x00007ff98d190000 - 0x00007ff98d57f000 	C:\WINDOWS\System32\KERNELBASE.dll
0x00007ff98db30000 - 0x00007ff98dc7b000 	C:\WINDOWS\System32\ucrtbase.dll
0x00007ff9692e0000 - 0x00007ff9692f8000 	C:\Program Files\Microsoft\jdk-17.0.17.10-hotspot\bin\jli.dll
0x00007ff964b90000 - 0x00007ff964bae000 	C:\Program Files\Microsoft\jdk-17.0.17.10-hotspot\bin\VCRUNTIME140.dll
0x00007ff98e5e0000 - 0x00007ff98e7a5000 	C:\WINDOWS\System32\USER32.dll
0x00007ff97bf30000 - 0x00007ff97c1c3000 	C:\WINDOWS\WinSxS\amd64_microsoft.windows.common-controls_6595b64144ccf1df_6.0.26100.7309_none_3e05feeae336a044\COMCTL32.dll
0x00007ff98d030000 - 0x00007ff98d057000 	C:\WINDOWS\System32\win32u.dll
0x00007ff98dc80000 - 0x00007ff98dcab000 	C:\WINDOWS\System32\GDI32.dll
0x00007ff98d060000 - 0x00007ff98d18c000 	C:\WINDOWS\System32\gdi32full.dll
0x00007ff98da80000 - 0x00007ff98db23000 	C:\WINDOWS\System32\msvcp_win.dll
0x00007ff98e9a0000 - 0x00007ff98ea49000 	C:\WINDOWS\System32\msvcrt.dll
0x00007ff98f530000 - 0x00007ff98f561000 	C:\WINDOWS\System32\IMM32.DLL
0x00007ff973790000 - 0x00007ff97379c000 	C:\Program Files\Microsoft\jdk-17.0.17.10-hotspot\bin\vcruntime140_1.dll
0x00007ff93daa0000 - 0x00007ff93db29000 	C:\Program Files\Microsoft\jdk-17.0.17.10-hotspot\bin\msvcp140.dll
0x00007ff8ddd30000 - 0x00007ff8de9aa000 	C:\Program Files\Microsoft\jdk-17.0.17.10-hotspot\bin\server\jvm.dll
0x00007ff98ea50000 - 0x00007ff98eb04000 	C:\WINDOWS\System32\ADVAPI32.dll
0x00007ff98f410000 - 0x00007ff98f4b6000 	C:\WINDOWS\System32\sechost.dll
0x00007ff98de70000 - 0x00007ff98df88000 	C:\WINDOWS\System32\RPCRT4.dll
0x00007ff98f880000 - 0x00007ff98f8f4000 	C:\WINDOWS\System32\WS2_32.dll
0x00007ff984200000 - 0x00007ff984235000 	C:\WINDOWS\SYSTEM32\WINMM.dll
0x00007ff986910000 - 0x00007ff98691b000 	C:\WINDOWS\SYSTEM32\VERSION.dll
0x00007ff98ceb0000 - 0x00007ff98cf0e000 	C:\WINDOWS\SYSTEM32\POWRPROF.dll
0x00007ff98ce70000 - 0x00007ff98ce84000 	C:\WINDOWS\SYSTEM32\UMPDC.dll
0x00007ff98bde0000 - 0x00007ff98bdfb000 	C:\WINDOWS\SYSTEM32\kernel.appcore.dll
0x00007ff972020000 - 0x00007ff97202a000 	C:\Program Files\Microsoft\jdk-17.0.17.10-hotspot\bin\jimage.dll
0x00007ff98a940000 - 0x00007ff98ab82000 	C:\WINDOWS\SYSTEM32\DBGHELP.DLL
0x00007ff98df90000 - 0x00007ff98e316000 	C:\WINDOWS\System32\combase.dll
0x00007ff98eb10000 - 0x00007ff98ebe6000 	C:\WINDOWS\System32\OLEAUT32.dll
0x00007ff97ae90000 - 0x00007ff97aecc000 	C:\WINDOWS\SYSTEM32\dbgcore.DLL
0x00007ff98d7c0000 - 0x00007ff98d865000 	C:\WINDOWS\System32\bcryptPrimitives.dll
0x00007ff970cf0000 - 0x00007ff970cff000 	C:\Program Files\Microsoft\jdk-17.0.17.10-hotspot\bin\instrument.dll
0x00007ff962960000 - 0x00007ff962986000 	C:\Program Files\Microsoft\jdk-17.0.17.10-hotspot\bin\java.dll
0x00007ff93b940000 - 0x00007ff93ba16000 	C:\Program Files\Microsoft\jdk-17.0.17.10-hotspot\bin\jsvml.dll
0x00007ff98ecb0000 - 0x00007ff98f403000 	C:\WINDOWS\System32\SHELL32.dll
0x00007ff98d650000 - 0x00007ff98d7ba000 	C:\WINDOWS\System32\wintypes.dll
0x00007ff98ac70000 - 0x00007ff98b4ce000 	C:\WINDOWS\SYSTEM32\windows.storage.dll
0x00007ff98e320000 - 0x00007ff98e415000 	C:\WINDOWS\System32\SHCORE.dll
0x00007ff98dd80000 - 0x00007ff98dde6000 	C:\WINDOWS\System32\shlwapi.dll
0x00007ff98cf50000 - 0x00007ff98cf79000 	C:\WINDOWS\SYSTEM32\profapi.dll
0x00007ff963f00000 - 0x00007ff963f18000 	C:\Program Files\Microsoft\jdk-17.0.17.10-hotspot\bin\zip.dll
0x00007ff962bf0000 - 0x00007ff962c0b000 	C:\Program Files\Microsoft\jdk-17.0.17.10-hotspot\bin\net.dll
0x00007ff985610000 - 0x00007ff985738000 	C:\WINDOWS\SYSTEM32\WINHTTP.dll
0x00007ff98c350000 - 0x00007ff98c3bb000 	C:\WINDOWS\system32\mswsock.dll
0x00007ff9629d0000 - 0x00007ff9629e6000 	C:\Program Files\Microsoft\jdk-17.0.17.10-hotspot\bin\nio.dll
0x00007ff970c70000 - 0x00007ff970c80000 	C:\Program Files\Microsoft\jdk-17.0.17.10-hotspot\bin\verify.dll
0x00007ff970d00000 - 0x00007ff970d27000 	C:\Users\ZhuanZ2\.gradle\native\1def1411415f61bf3af743bc5b6707747c0891f09f0c88961ee8f79bc544acac\windows-amd64\native-platform.dll
0x00007ff93e6e0000 - 0x00007ff93e758000 	C:\Users\ZhuanZ2\.gradle\native\0.2.7\x86_64-windows-gnu\gradle-fileevents.dll
0x00007ff96f6c0000 - 0x00007ff96f6ca000 	C:\Program Files\Microsoft\jdk-17.0.17.10-hotspot\bin\management.dll
0x00007ff96daa0000 - 0x00007ff96daac000 	C:\Program Files\Microsoft\jdk-17.0.17.10-hotspot\bin\management_ext.dll
0x00007ff98f7b0000 - 0x00007ff98f7b8000 	C:\WINDOWS\System32\PSAPI.DLL
0x00007ff98b7f0000 - 0x00007ff98b824000 	C:\WINDOWS\SYSTEM32\IPHLPAPI.DLL
0x00007ff98fe90000 - 0x00007ff98fe9a000 	C:\WINDOWS\System32\NSI.dll
0x00007ff985d10000 - 0x00007ff985d2e000 	C:\WINDOWS\SYSTEM32\dhcpcsvc6.DLL
0x00007ff984240000 - 0x00007ff984263000 	C:\WINDOWS\SYSTEM32\dhcpcsvc.DLL
0x00007ff98b8e0000 - 0x00007ff98ba0c000 	C:\WINDOWS\SYSTEM32\DNSAPI.dll
0x00007ff96d900000 - 0x00007ff96d909000 	C:\Program Files\Microsoft\jdk-17.0.17.10-hotspot\bin\extnet.dll
0x00007ff98c610000 - 0x00007ff98c62b000 	C:\WINDOWS\SYSTEM32\CRYPTSP.dll
0x00007ff98bd40000 - 0x00007ff98bd7a000 	C:\WINDOWS\system32\rsaenh.dll
0x00007ff98c400000 - 0x00007ff98c42b000 	C:\WINDOWS\SYSTEM32\USERENV.dll
0x00007ff98cf20000 - 0x00007ff98cf4a000 	C:\WINDOWS\SYSTEM32\bcrypt.dll
0x00007ff98c630000 - 0x00007ff98c63c000 	C:\WINDOWS\SYSTEM32\CRYPTBASE.dll
0x00007ff96d8c0000 - 0x00007ff96d8ce000 	C:\Program Files\Microsoft\jdk-17.0.17.10-hotspot\bin\sunmscapi.dll
0x00007ff98d870000 - 0x00007ff98d9e7000 	C:\WINDOWS\System32\CRYPT32.dll
0x00007ff98c830000 - 0x00007ff98c860000 	C:\WINDOWS\SYSTEM32\ncrypt.dll
0x00007ff98c7e0000 - 0x00007ff98c81f000 	C:\WINDOWS\SYSTEM32\NTASN1.dll
0x00007ff986d90000 - 0x00007ff986d98000 	C:\WINDOWS\system32\wshunix.dll
0x00007ff97d320000 - 0x00007ff97d338000 	C:\WINDOWS\system32\napinsp.dll
0x00007ff97d300000 - 0x00007ff97d312000 	C:\WINDOWS\System32\winrnr.dll
0x00007ff9724b0000 - 0x00007ff9724d2000 	C:\WINDOWS\system32\nlansp_c.dll
0x00007ff972490000 - 0x00007ff9724a6000 	C:\WINDOWS\system32\wshbth.dll
0x00007ff981210000 - 0x00007ff98121b000 	C:\Windows\System32\rasadhlp.dll
0x00007ff982430000 - 0x00007ff9824b6000 	C:\WINDOWS\System32\fwpuclnt.dll

dbghelp: loaded successfully - version: 4.0.5 - missing functions: none
symbol engine: initialized successfully - sym options: 0x614 - pdb path: .;C:\Program Files\Microsoft\jdk-17.0.17.10-hotspot\bin;C:\WINDOWS\SYSTEM32;C:\WINDOWS\WinSxS\amd64_microsoft.windows.common-controls_6595b64144ccf1df_6.0.26100.7309_none_3e05feeae336a044;C:\Program Files\Microsoft\jdk-17.0.17.10-hotspot\bin\server;C:\Users\ZhuanZ2\.gradle\native\1def1411415f61bf3af743bc5b6707747c0891f09f0c88961ee8f79bc544acac\windows-amd64;C:\Users\ZhuanZ2\.gradle\native\0.2.7\x86_64-windows-gnu

VM Arguments:
jvm_args: --add-opens=java.base/java.lang=ALL-UNNAMED --add-opens=java.base/java.lang.invoke=ALL-UNNAMED --add-opens=java.base/java.util=ALL-UNNAMED --add-opens=java.prefs/java.util.prefs=ALL-UNNAMED --add-exports=jdk.compiler/com.sun.tools.javac.api=ALL-UNNAMED --add-exports=jdk.compiler/com.sun.tools.javac.util=ALL-UNNAMED --add-opens=java.base/java.util=ALL-UNNAMED --add-opens=java.prefs/java.util.prefs=ALL-UNNAMED --add-opens=java.base/java.nio.charset=ALL-UNNAMED --add-opens=java.base/java.net=ALL-UNNAMED --add-opens=java.base/java.util.concurrent.atomic=ALL-UNNAMED --add-opens=java.xml/javax.xml.namespace=ALL-UNNAMED -Xmx4096m -Dfile.encoding=UTF-8 -Duser.country=US -Duser.language=en -Duser.variant -javaagent:C:\Users\ZhuanZ2\.gradle\wrapper\dists\gradle-8.13-bin\5xuhj0ry160q40clulazy9h7d\gradle-8.13\lib\agents\gradle-instrumentation-agent-8.13.jar 
java_command: org.gradle.launcher.daemon.bootstrap.GradleDaemon 8.13
java_class_path (initial): C:\Users\ZhuanZ2\.gradle\wrapper\dists\gradle-8.13-bin\5xuhj0ry160q40clulazy9h7d\gradle-8.13\lib\gradle-daemon-main-8.13.jar
Launcher Type: SUN_STANDARD

[Global flags]
     intx CICompilerCount                          = 4                                         {product} {ergonomic}
     uint ConcGCThreads                            = 2                                         {product} {ergonomic}
     uint G1ConcRefinementThreads                  = 8                                         {product} {ergonomic}
   size_t G1HeapRegionSize                         = 2097152                                   {product} {ergonomic}
    uintx GCDrainStackTargetSize                   = 64                                        {product} {ergonomic}
   size_t InitialHeapSize                          = 117440512                                 {product} {ergonomic}
   size_t MarkStackSize                            = 4194304                                   {product} {ergonomic}
   size_t MaxHeapSize                              = 4294967296                                {product} {command line}
   size_t MaxNewSize                               = 2575302656                                {product} {ergonomic}
   size_t MinHeapDeltaBytes                        = 2097152                                   {product} {ergonomic}
   size_t MinHeapSize                              = 8388608                                   {product} {ergonomic}
    uintx NonNMethodCodeHeapSize                   = 5839372                                {pd product} {ergonomic}
    uintx NonProfiledCodeHeapSize                  = 122909434                              {pd product} {ergonomic}
    uintx ProfiledCodeHeapSize                     = 122909434                              {pd product} {ergonomic}
    uintx ReservedCodeCacheSize                    = 251658240                              {pd product} {ergonomic}
     bool SegmentedCodeCache                       = true                                      {product} {ergonomic}
   size_t SoftMaxHeapSize                          = 4294967296                             {manageable} {ergonomic}
     bool UseCompressedClassPointers               = true                           {product lp64_product} {ergonomic}
     bool UseCompressedOops                        = true                           {product lp64_product} {ergonomic}
     bool UseG1GC                                  = true                                      {product} {ergonomic}
     bool UseLargePagesIndividualAllocation        = false                                  {pd product} {ergonomic}

Logging:
Log output configuration:
 #0: stdout all=warning uptime,level,tags
 #1: stderr all=off uptime,level,tags

Environment Variables:
JAVA_HOME=D:\Android Studio\jbr
CLASSPATH=D:\R0V0.0.1\android\\gradle\wrapper\gradle-wrapper.jar
PATH=D:\Android Studio\jbr\bin;c:\Users\ZhuanZ2\.antigravity\extensions\vadimcn.vscode-lldb-1.12.1\bin;D:\flutter\bin\;C:\Program Files\Microsoft\jdk-17.0.17.10-hotspot\bin;C:\WINDOWS\system32;C:\WINDOWS;C:\WINDOWS\System32\Wbem;C:\WINDOWS\System32\WindowsPowerShell\v1.0\;C:\WINDOWS\System32\OpenSSH\;C:\Program Files\Git\cmd;C:\Users\ZhuanZ2\AppData\Local\Microsoft\WindowsApps;D:\flutter\bin;D:\Antigravity\Antigravity\bin;c:\Users\ZhuanZ2\.antigravity\extensions\vscjava.vscode-java-debug-0.58.5-universal\bundled\scripts\noConfigScripts;D:\flutter\bin\mingit\cmd
USERNAME=ZhuanZ2
LANG=en_US.UTF-8
OS=Windows_NT
PROCESSOR_IDENTIFIER=AMD64 Family 23 Model 24 Stepping 1, AuthenticAMD
TMP=C:\Users\ZhuanZ2\AppData\Local\Temp
TEMP=C:\Users\ZhuanZ2\AppData\Local\Temp



Periodic native trim disabled


---------------  S Y S T E M  ---------------

OS:
 Windows 11 , 64 bit Build 26100 (10.0.26100.7623)
OS uptime: 1 days 7:02 hours

CPU: total 8 (initial active 8) (8 cores per cpu, 2 threads per core) family 23 model 24 stepping 1 microcode 0x8108109, cx8, cmov, fxsr, ht, mmx, 3dnowpref, sse, sse2, sse3, ssse3, sse4a, sse4.1, sse4.2, popcnt, lzcnt, tsc, tscinvbit, avx, avx2, aes, clmul, bmi1, bmi2, adx, sha, fma, vzeroupper, clflush, clflushopt
Processor Information for the first 8 processors :
  Max Mhz: 2100, Current Mhz: 2100, Mhz Limit: 2100

Memory: 4k page, system-wide physical 7044M (122M free)
TotalPageFile size 24626M (AvailPageFile size 170M)
current process WorkingSet (physical memory assigned to process): 437M, peak: 597M
current process commit charge ("private bytes"): 936M, peak: 939M

vm_info: OpenJDK 64-Bit Server VM (17.0.17+10-LTS) for windows-amd64 JRE (17.0.17+10-LTS), built on Oct 13 2025 22:19:56 by "MicrosoftCorporation" with unknown MS VC++:1944

END.
